Instrument,Revenue,Gross Profit,Operating Income,"Capital Expenditures, Cumulative",Selling/General/Administrative Expense,Net Income Incl Extra Before Distributions,Total Assets
MSFT.O,32471000000.0,20048000000.0,10248000000.0,-7309000000.0,5720000000.0,8420000000.0,258859000000.0
MSFT.O,30571000000.0,20401000000.0,10334000000.0,-9874000000.0,5744000000.0,8809000000.0,263281000000.0
MSFT.O,33717000000.0,23305000000.0,12396000000.0,-13925000000.0,6387000000.0,13187000000.0,286556000000.0
MSFT.O,33055000000.0,22649000000.0,12660000000.0,-3385000000.0,5398000000.0,10678000000.0,278955000000.0
MSFT.O,36906000000.0,24548000000.0,13881000000.0,-6930000000.0,6054000000.0,11649000000.0,282794000000.0
MSFT.O,35021000000.0,24046000000.0,12899000000.0,-10697000000.0,6184000000.0,10752000000.0,285449000000.0
MSFT.O,38033000000.0,25694000000.0,13386000000.0,-15441000000.0,7073000000.0,11202000000.0,301311000000.0
MSFT.O,37154000000.0,26152000000.0,15870000000.0,-4907000000.0,5350000000.0,13893000000.0,301001000000.0
MSFT.O,43076000000.0,28882000000.0,17895000000.0,-9081000000.0,6086000000.0,15463000000.0,304137000000.0
MSFT.O,41706000000.0,28661000000.0,17038000000.0,-14170000000.0,6409000000.0,15457000000.0,308879000000.0
MSFT.O,46152000000.0,32161000000.0,19100000000.0,-20622000000.0,7379000000.0,16458000000.0,333779000000.0
MSFT.O,45317000000.0,31671000000.0,20235000000.0,-5810000000.0,5834000000.0,20505000000.0,335418000000.0
MSFT.O,51728000000.0,34768000000.0,22242000000.0,-11675000000.0,6763000000.0,18765000000.0,340389000000.0
MSFT.O,49360000000.0,33745000000.0,20314000000.0,-17015000000.0,7075000000.0,16728000000.0,344607000000.0
MSFT.O,51865000000.0,35436000000.0,20491000000.0,-23886000000.0,8053000000.0,16740000000.0,364840000000.0
MSFT.O,50122000000.0,34670000000.0,21493000000.0,-6283000000.0,6524000000.0,17556000000.0,359784000000.0
MSFT.O,52747000000.0,35259000000.0,20395000000.0,-12557000000.0,6845000000.0,16425000000.0,364552000000.0
MSFT.O,52857000000.0,36729000000.0,22352000000.0,-19164000000.0,7393000000.0,18299000000.0,380088000000.0
MSFT.O,56189000000.0,39394000000.0,24253000000.0,-28107000000.0,8401000000.0,20081000000.0,411976000000.0
MSFT.O,56517000000.0,40215000000.0,26889000000.0,-9917000000.0,6661000000.0,22291000000.0,445785000000.0
MSFT.O,62020000000.0,42397000000.0,26871000000.0,-19652000000.0,8223000000.0,21870000000.0,470558000000.0
MSFT.O,61858000000.0,43353000000.0,27564000000.0,-30604000000.0,8119000000.0,21939000000.0,484275000000.0
MSFT.O,64727000000.0,45043000000.0,27903000000.0,-44477000000.0,9062000000.0,22036000000.0,512163000000.0
MSFT.O,65585000000.0,45486000000.0,30545000000.0,-14923000000.0,7390000000.0,24667000000.0,523013000000.0
MSFT.O,69632000000.0,47833000000.0,30786000000.0,-30727000000.0,8263000000.0,24108000000.0,533898000000.0
MSFT.O,70066000000.0,48147000000.0,31976000000.0,-47472000000.0,7949000000.0,25824000000.0,562624000000.0
MSFT.O,76441000000.0,52427000000.0,34278000000.0,-64551000000.0,9275000000.0,27233000000.0,619003000000.0
MSFT.O,77673000000.0,53630000000.0,37947000000.0,-19394000000.0,7523000000.0,27747000000.0,636351000000.0
MSFT.O,81273000000.0,55295000000.0,38216000000.0,-49270000000.0,8516000000.0,38458000000.0,665302000000.0
GOOGL.O,39276000000.0,21358000000.0,8221000000.0,-25139000000.0,7103000000.0,8948000000.0,232792000000.0
GOOGL.O,36339000000.0,20327000000.0,6608000000.0,-4638000000.0,5993000000.0,6657000000.0,245349000000.0
GOOGL.O,38944000000.0,21648000000.0,9180000000.0,-10764000000.0,6255000000.0,9947000000.0,257101000000.0
GOOGL.O,40499000000.0,22931000000.0,9177000000.0,-17496000000.0,7200000000.0,7068000000.0,263044000000.0
GOOGL.O,46075000000.0,25055000000.0,9266000000.0,-23548000000.0,8567000000.0,10671000000.0,275909000000.0
GOOGL.O,41159000000.0,22177000000.0,7977000000.0,-6005000000.0,7380000000.0,6836000000.0,273403000000.0
GOOGL.O,38297000000.0,19744000000.0,6383000000.0,-11396000000.0,6486000000.0,6959000000.0,278492000000.0
GOOGL.O,46173000000.0,25056000000.0,11213000000.0,-16802000000.0,6987000000.0,11247000000.0,299243000000.0
GOOGL.O,56898000000.0,30818000000.0,15651000000.0,-22281000000.0,8145000000.0,15227000000.0,319616000000.0
GOOGL.O,55314000000.0,31211000000.0,16437000000.0,-5942000000.0,7289000000.0,17930000000.0,327095000000.0
GOOGL.O,61880000000.0,35653000000.0,19361000000.0,-11438000000.0,8617000000.0,18525000000.0,335387000000.0
GOOGL.O,65118000000.0,37497000000.0,21031000000.0,-18257000000.0,8772000000.0,18936000000.0,347403000000.0
GOOGL.O,75325000000.0,42337000000.0,21885000000.0,-24640000000.0,11744000000.0,20642000000.0,359268000000.0
GOOGL.O,68011000000.0,38412000000.0,20094000000.0,-9786000000.0,9199000000.0,16436000000.0,357096000000.0
GOOGL.O,69685000000.0,39581000000.0,19453000000.0,-16614000000.0,10287000000.0,16002000000.0,355185000000.0
GOOGL.O,69092000000.0,37934000000.0,17135000000.0,-23890000000.0,10526000000.0,13910000000.0,358255000000.0
GOOGL.O,76048000000.0,40706000000.0,18160000000.0,-31485000000.0,12279000000.0,13624000000.0,365264000000.0
GOOGL.O,69787000000.0,39856000000.0,17415000000.0,-6289000000.0,9497000000.0,15051000000.0,369491000000.0
GOOGL.O,74604000000.0,42707000000.0,21838000000.0,-13177000000.0,10222000000.0,18368000000.0,383044000000.0
GOOGL.O,76693000000.0,43487000000.0,21343000000.0,-21232000000.0,10806000000.0,19689000000.0,396711000000.0
GOOGL.O,86310000000.0,48972000000.0,23697000000.0,-32251000000.0,12562000000.0,20687000000.0,402392000000.0
GOOGL.O,80539000000.0,46980000000.0,25472000000.0,-12012000000.0,8888000000.0,23662000000.0,407350000000.0
GOOGL.O,84742000000.0,49235000000.0,27425000000.0,-25198000000.0,9479000000.0,23619000000.0,414770000000.0
GOOGL.O,88268000000.0,51794000000.0,28521000000.0,-38259000000.0,10133000000.0,26301000000.0,430266000000.0
GOOGL.O,96469000000.0,55856000000.0,30972000000.0,-52535000000.0,11868000000.0,26536000000.0,450256000000.0
GOOGL.O,90234000000.0,53873000000.0,30606000000.0,-17197000000.0,9419000000.0,34540000000.0,475374000000.0
GOOGL.O,96428000000.0,57389000000.0,31271000000.0,-39643000000.0,10010000000.0,28196000000.0,502053000000.0
GOOGL.O,102346000000.0,60977000000.0,31228000000.0,-63596000000.0,10798000000.0,34979000000.0,536469000000.0
GOOGL.O,113829000000.0,68062000000.0,35934000000.0,-91447000000.0,13656000000.0,34455000000.0,595281000000.0
AMZN.O,72383000000.0,27597000000.0,3786000000.0,-13427000000.0,15412000000.0,3027000000.0,162648000000.0
AMZN.O,59700000000.0,25780000000.0,4420000000.0,-3290000000.0,12863000000.0,3561000000.0,178102000000.0
AMZN.O,63404000000.0,27067000000.0,3084000000.0,-6852000000.0,13981000000.0,2625000000.0,191351000000.0
AMZN.O,69981000000.0,28679000000.0,3157000000.0,-11549000000.0,15493000000.0,2134000000.0,199099000000.0
AMZN.O,87436000000.0,33459000000.0,3879000000.0,-16861000000.0,18984000000.0,3268000000.0,225248000000.0
AMZN.O,75452000000.0,31195000000.0,3989000000.0,-6795000000.0,17056000000.0,2535000000.0,221238000000.0
AMZN.O,88912000000.0,36252000000.0,5843000000.0,-14254000000.0,18627000000.0,5243000000.0,258314000000.0
AMZN.O,96145000000.0,39039000000.0,6194000000.0,-25317000000.0,20861000000.0,6331000000.0,282179000000.0
AMZN.O,125555000000.0,46271000000.0,6873000000.0,-40140000000.0,26785000000.0,7222000000.0,321195000000.0
AMZN.O,108518000000.0,46115000000.0,8865000000.0,-12082000000.0,23736000000.0,8107000000.0,323077000000.0
AMZN.O,113080000000.0,48904000000.0,7702000000.0,-26370000000.0,25761000000.0,7778000000.0,360319000000.0
AMZN.O,110812000000.0,47882000000.0,4852000000.0,-42118000000.0,27234000000.0,3156000000.0,382406000000.0
AMZN.O,137412000000.0,54577000000.0,3460000000.0,-61053000000.0,34182000000.0,14323000000.0,420549000000.0
AMZN.O,116444000000.0,49945000000.0,3669000000.0,-14951000000.0,29726000000.0,-3844000000.0,410767000000.0
AMZN.O,121234000000.0,54810000000.0,3317000000.0,-30675000000.0,31149000000.0,-2028000000.0,419728000000.0
AMZN.O,127101000000.0,56833000000.0,2525000000.0,-47053000000.0,32328000000.0,2872000000.0,428362000000.0
AMZN.O,149204000000.0,63564000000.0,2737000000.0,-63645000000.0,36982000000.0,278000000.0,462675000000.0
AMZN.O,127358000000.0,59567000000.0,4774000000.0,-14207000000.0,32111000000.0,3172000000.0,464378000000.0
AMZN.O,134383000000.0,65010000000.0,7681000000.0,-25662000000.0,32419000000.0,6750000000.0,477607000000.0
AMZN.O,143083000000.0,68061000000.0,11188000000.0,-38141000000.0,33074000000.0,9879000000.0,486883000000.0
AMZN.O,169961000000.0,77408000000.0,13209000000.0,-52729000000.0,39448000000.0,10624000000.0,527854000000.0
AMZN.O,143313000000.0,70680000000.0,15307000000.0,-14925000000.0,32706000000.0,10431000000.0,530969000000.0
AMZN.O,147977000000.0,74192000000.0,14672000000.0,-32545000000.0,34333000000.0,13485000000.0,554818000000.0
AMZN.O,158877000000.0,77900000000.0,17411000000.0,-55165000000.0,35803000000.0,15328000000.0,584626000000.0
AMZN.O,187792000000.0,88899000000.0,21203000000.0,-82999000000.0,41906000000.0,20004000000.0,624894000000.0
AMZN.O,155667000000.0,78691000000.0,18405000000.0,-25019000000.0,35503000000.0,17127000000.0,643256000000.0
AMZN.O,167702000000.0,86893000000.0,19171000000.0,-57202000000.0,37728000000.0,18164000000.0,682170000000.0
AMZN.O,180169000000.0,91499000000.0,17422000000.0,-92297000000.0,40287000000.0,21187000000.0,727921000000.0
AMZN.O,213386000000.0,103427000000.0,24977000000.0,-131819000000.0,46038000000.0,21192000000.0,818042000000.0
META.O,16914000000.0,14118000000.0,7820000000.0,-13915000000.0,3228000000.0,6882000000.0,97334000000.0
META.O,15077000000.0,12261000000.0,3317000000.0,-3837000000.0,2884000000.0,2429000000.0,109477000000.0
META.O,16886000000.0,13579000000.0,4626000000.0,-7470000000.0,3371000000.0,2616000000.0,117006000000.0
META.O,17652000000.0,14497000000.0,7185000000.0,-11002000000.0,3513000000.0,6091000000.0,124418000000.0
META.O,21082000000.0,17591000000.0,8858000000.0,-15102000000.0,4602000000.0,7349000000.0,133376000000.0
META.O,17737000000.0,14278000000.0,5893000000.0,-3558000000.0,4128000000.0,4902000000.0,138371000000.0
META.O,18687000000.0,14858000000.0,5963000000.0,-6813000000.0,4116000000.0,5178000000.0,139691000000.0
META.O,21470000000.0,17276000000.0,8040000000.0,-10502000000.0,4164000000.0,7846000000.0,146437000000.0
META.O,28072000000.0,22862000000.0,12775000000.0,-15115000000.0,4577000000.0,11219000000.0,159316000000.0
META.O,26171000000.0,21040000000.0,11378000000.0,-4272000000.0,4161000000.0,9497000000.0,163523000000.0
META.O,29077000000.0,23678000000.0,12367000000.0,-8884000000.0,4797000000.0,10394000000.0,170609000000.0
META.O,29010000000.0,23239000000.0,10423000000.0,-13198000000.0,6117000000.0,9194000000.0,169585000000.0
META.O,33671000000.0,27323000000.0,12585000000.0,-18567000000.0,7316000000.0,10285000000.0,165987000000.0
META.O,27908000000.0,21903000000.0,8524000000.0,-5441000000.0,5275000000.0,7465000000.0,164218000000.0
META.O,28822000000.0,23630000000.0,8358000000.0,-13013000000.0,6050000000.0,6687000000.0,169779000000.0
META.O,27714000000.0,21998000000.0,5664000000.0,-22388000000.0,6686000000.0,4395000000.0,178894000000.0
META.O,32165000000.0,25324000000.0,6399000000.0,-31431000000.0,5806000000.0,4653000000.0,185727000000.0
META.O,28645000000.0,22427000000.0,7227000000.0,-6842000000.0,5037000000.0,5709000000.0,184491000000.0
META.O,31999000000.0,26012000000.0,9392000000.0,-13058000000.0,6228000000.0,7788000000.0,206688000000.0
META.O,34146000000.0,27949000000.0,13748000000.0,-19601000000.0,4310000000.0,11583000000.0,216274000000.0
META.O,40111000000.0,32509000000.0,16384000000.0,-27266000000.0,4771000000.0,14017000000.0,229623000000.0
META.O,36455000000.0,29835000000.0,13818000000.0,-6400000000.0,5522000000.0,12369000000.0,222844000000.0
META.O,39071000000.0,31766000000.0,14847000000.0,-14573000000.0,5820000000.0,13465000000.0,230238000000.0
META.O,40589000000.0,33215000000.0,17350000000.0,-22831000000.0,4187000000.0,15688000000.0,256408000000.0
META.O,48385000000.0,39553000000.0,23364000000.0,-37256000000.0,3501000000.0,20838000000.0,276054000000.0
META.O,42314000000.0,34742000000.0,17555000000.0,-12941000000.0,4588000000.0,16644000000.0,280213000000.0
META.O,47516000000.0,39025000000.0,20441000000.0,-29479000000.0,5166000000.0,18337000000.0,294744000000.0
META.O,51242000000.0,42036000000.0,20535000000.0,-48308000000.0,5905000000.0,2709000000.0,303844000000.0
META.O,59893000000.0,48987000000.0,24745000000.0,-69691000000.0,6667000000.0,22768000000.0,366021000000.0
ORCL.N,9614000000.0,7638000000.0,3399000000.0,-1247000000.0,2234000000.0,2745000000.0,109438000000.0
ORCL.N,11137000000.0,9074000000.0,4257000000.0,-1660000000.0,2525000000.0,3740000000.0,108709000000.0
ORCL.N,9218000000.0,7261000000.0,2877000000.0,-386000000.0,2183000000.0,2137000000.0,106229000000.0
ORCL.N,9614000000.0,7566000000.0,3183000000.0,-735000000.0,2313000000.0,2311000000.0,98443000000.0
ORCL.N,9796000000.0,7832000000.0,3528000000.0,-1131000000.0,2253000000.0,2571000000.0,96704000000.0
ORCL.N,10439000000.0,8470000000.0,4308000000.0,-1564000000.0,2147000000.0,3116000000.0,115438000000.0
ORCL.N,9367000000.0,7487000000.0,3211000000.0,-436000000.0,2042000000.0,2251000000.0,113546000000.0
ORCL.N,9800000000.0,7861000000.0,3583000000.0,-1004000000.0,2039000000.0,2442000000.0,110014000000.0
ORCL.N,10085000000.0,8170000000.0,3878000000.0,-1418000000.0,1816000000.0,5021000000.0,118109000000.0
ORCL.N,11227000000.0,9105000000.0,4541000000.0,-2135000000.0,2283000000.0,4032000000.0,131107000000.0
ORCL.N,9728000000.0,7625000000.0,3427000000.0,-1062000000.0,2008000000.0,2457000000.0,122924000000.0
ORCL.N,10360000000.0,8201000000.0,-824000000.0,-1987000000.0,2087000000.0,-1247000000.0,106897000000.0
ORCL.N,10513000000.0,8295000000.0,3822000000.0,-3088000000.0,2162000000.0,2319000000.0,108644000000.0
ORCL.N,11840000000.0,9443000000.0,4502000000.0,-4511000000.0,2414000000.0,3189000000.0,109297000000.0
ORCL.N,11445000000.0,8408000000.0,2623000000.0,-1719000000.0,2380000000.0,1548000000.0,130309000000.0
ORCL.N,12275000000.0,8917000000.0,3071000000.0,-4154000000.0,2336000000.0,1741000000.0,128469000000.0
ORCL.N,12398000000.0,8959000000.0,3260000000.0,-6782000000.0,2303000000.0,1896000000.0,131620000000.0
ORCL.N,13836000000.0,10106000000.0,4140000000.0,-8695000000.0,2419000000.0,3319000000.0,134384000000.0
ORCL.N,12453000000.0,8843000000.0,3296000000.0,-1314000000.0,2204000000.0,2420000000.0,136662000000.0
ORCL.N,12941000000.0,9201000000.0,3622000000.0,-2394000000.0,2200000000.0,2503000000.0,134324000000.0
ORCL.N,13280000000.0,9411000000.0,3750000000.0,-4068000000.0,2144000000.0,2401000000.0,137082000000.0
ORCL.N,14287000000.0,10363000000.0,4686000000.0,-6866000000.0,2240000000.0,3144000000.0,140976000000.0
ORCL.N,13307000000.0,9401000000.0,3991000000.0,-2303000000.0,2146000000.0,2929000000.0,144214000000.0
ORCL.N,14059000000.0,9974000000.0,4220000000.0,-6273000000.0,2283000000.0,3151000000.0,148483000000.0
ORCL.N,14130000000.0,9935000000.0,4358000000.0,-12135000000.0,2208000000.0,2936000000.0,161378000000.0
ORCL.N,15903000000.0,11162000000.0,5109000000.0,-21215000000.0,2419000000.0,3427000000.0,168361000000.0
ORCL.N,14926000000.0,10042000000.0,4277000000.0,-8502000000.0,2174000000.0,2927000000.0,180449000000.0
ORCL.N,16058000000.0,10684000000.0,4731000000.0,-20535000000.0,2279000000.0,6135000000.0,204984000000.0
ORCL.N,17190000000.0,11098000000.0,5464000000.0,-39170000000.0,2135000000.0,3721000000.0,245240000000.0
JPM.N,,,,,,7066000000.0,2622532000000.0
JPM.N,,,,,,9179000000.0,2737187999999.99
JPM.N,,,,,,9652000000.0,2727378999999.99
JPM.N,,,,,,9080000000.0,2764660999999.99
JPM.N,,,,,,8520000000.0,2687379000000.0
JPM.N,,,,,,2865000000.0,3139431000000.0
JPM.N,,,,,,4687000000.0,3213115000000.0
JPM.N,,,,,,9443000000.0,3246076000000.0
JPM.N,,,,,,12136000000.0,3384757000000.0
JPM.N,,,,,,14300000000.0,3689336000000.0
JPM.N,,,,,,11948000000.0,3684256000000.0
JPM.N,,,,,,11687000000.0,3757576000000.0
JPM.N,,,,,,10399000000.0,3743567000000.0
JPM.N,,,,,,8282000000.0,3954687000000.0
JPM.N,,,,,,8649000000.0,3841314000000.0
JPM.N,,,,,,9737000000.0,3773884000000.0
JPM.N,,,,,,11008000000.0,3665743000000.0
JPM.N,,,,,,12622000000.0,3744305000000.0
JPM.N,,,,,,14472000000.0,3868240000000.0
JPM.N,,,,,,13151000000.0,3898333000000.0
JPM.N,,,,,,9307000000.0,3875393000000.0
JPM.N,,,,,,13419000000.0,4090727000000.0
JPM.N,,,,,,18149000000.0,4143003000000.0
JPM.N,,,,,,12898000000.0,4210048000000.0
JPM.N,,,,,,14005000000.0,4002814000000.0
JPM.N,,,,,,14643000000.0,4357856000000.0
JPM.N,,,,,,14987000000.0,4552482000000.0
JPM.N,,,,,,14393000000.0,4560205000000.0
JPM.N,,,,,,13025000000.0,4424900000000.0
BAC.N,,,,,,7278000000.0,2354507000000.0
BAC.N,,,,,,7311000000.0,2377164000000.0
BAC.N,,,,,,7348000000.0,2395891999999.99
BAC.N,,,,,,5777000000.0,2426330000000.0
BAC.N,,,,,,6994000000.0,2434079000000.0
BAC.N,,,,,,4010000000.0,2619954000000.0
BAC.N,,,,,,3533000000.0,2741687999999.99
BAC.N,,,,,,4881000000.0,2738452000000.0
BAC.N,,,,,,5470000000.0,2819627000000.0
BAC.N,,,,,,8050000000.0,2969992000000.0
BAC.N,,,,,,9224000000.0,3029894000000.0
BAC.N,,,,,,7691000000.0,3085446000000.0
BAC.N,,,,,,7013000000.0,3169495000000.0
BAC.N,,,,,,7067000000.0,3238223000000.0
BAC.N,,,,,,6247000000.0,3111606000000.0
BAC.N,,,,,,7082000000.0,3072953000000.0
BAC.N,,,,,,7132000000.0,3051375000000.0
BAC.N,,,,,,8161000000.0,3194657000000.0
BAC.N,,,,,,7408000000.0,3123198000000.0
BAC.N,,,,,,7802000000.0,3153090000000.0
BAC.N,,,,,,3144000000.0,3180151000000.0
BAC.N,,,,,,6674000000.0,3273803000000.0
BAC.N,,,,,,6897000000.0,3257996000000.0
BAC.N,,,,,,6896000000.0,3324293000000.0
BAC.N,,,,,,6665000000.0,3261519000000.0
BAC.N,,,,,,7396000000.0,3349424000000.0
BAC.N,,,,,,7116000000.0,3441142000000.0
BAC.N,,,,,,8469000000.0,3403716000000.0
BAC.N,,,,,,7528000000.0,3411738000000.0
C.N,,,,-3774000000.0,,4313000000.0,1917383000000.0
C.N,,,,-518000000.0,,4710000000.0,1958413000000.0
C.N,,,,-3349000000.0,,4799000000.0,1988226000000.0
C.N,,,,-4360000000.0,,4913000000.0,2014801999999.99
C.N,,,,-5336000000.0,,4979000000.0,1951158000000.0
C.N,,,,-460000000.0,,2536000000.0,2220114000000.0
C.N,,,,-1318000000.0,,1056000000.0,2232799000000.0
C.N,,,,-2300000000.0,,3146000000.0,2234459000000.0
C.N,,,,-3446000000.0,,4309000000.0,2260090000000.0
C.N,,,,-830000000.0,,7942000000.0,2314266000000.0
C.N,,,,-1771000000.0,,6193000000.0,2327868000000.0
C.N,,,,-2811000000.0,,4644000000.0,2361876000000.0
C.N,,,,-4119000000.0,,3173000000.0,2291413000000.0
C.N,,,,-1229000000.0,,4306000000.0,2394105000000.0
C.N,,,,-2465000000.0,,4547000000.0,2380904000000.0
C.N,,,,-3667000000.0,,3479000000.0,2381064000000.0
C.N,,,,-5632000000.0,,2513000000.0,2416676000000.0
C.N,,,,-1634000000.0,,4606000000.0,2455113000000.0
C.N,,,,-3125000000.0,,2915000000.0,2423675000000.0
C.N,,,,-4818000000.0,,3546000000.0,2368477000000.0
C.N,,,,-6583000000.0,,-1839000000.0,2411834000000.0
C.N,,,,-1607000000.0,,3371000000.0,2432510000000.0
C.N,,,,-3251000000.0,,3217000000.0,2405686000000.0
C.N,,,,-4812000000.0,,3238000000.0,2430663000000.0
C.N,,,,-6500000000.0,,2856000000.0,2352945000000.0
C.N,,,,-1517000000.0,,4064000000.0,2571514000000.0
C.N,,,,-3272000000.0,,4019000000.0,2622772000000.0
C.N,,,,-4889000000.0,,3752000000.0,2642475000000.0
C.N,,,,-6520000000.0,,2471000000.0,2657202000000.0
WFC.N,,,,,,6064000000.0,1895882999999.99
WFC.N,,,,,,5860000000.0,1887792000000.0
WFC.N,,,,,,6206000000.0,1923387999999.99
WFC.N,,,,,,4610000000.0,1943949999999.99
WFC.N,,,,,,2873000000.0,1927554999999.99
WFC.N,,,,,,916000000.0,1981348999999.99
WFC.N,,,,,,-3846000000.0,1968766000000.0
WFC.N,,,,,,3216000000.0,1922220000000.0
WFC.N,,,,,,3091000000.0,1952911000000.0
WFC.N,,,,,,4636000000.0,1959543000000.0
WFC.N,,,,,,6040000000.0,1945996000000.0
WFC.N,,,,,,5122000000.0,1954901000000.0
WFC.N,,,,,,6311000000.0,1948068000000.0
WFC.N,,,,,,3788000000.0,1939709000000.0
WFC.N,,,,,,3142000000.0,1881142000000.0
WFC.N,,,,,,3592000000.0,1877745000000.0
WFC.N,,,,,,3155000000.0,1881020000000.0
WFC.N,,,,,,4991000000.0,1886400000000.0
WFC.N,,,,,,4938000000.0,1876320000000.0
WFC.N,,,,,,5767000000.0,1909261000000.0
WFC.N,,,,,,3446000000.0,1932468000000.0
WFC.N,,,,,,4619000000.0,1959153000000.0
WFC.N,,,,,,4910000000.0,1940073000000.0
WFC.N,,,,,,5114000000.0,1922125000000.0
WFC.N,,,,,,5079000000.0,1929845000000.0
WFC.N,,,,,,4894000000.0,1950311000000.0
WFC.N,,,,,,5494000000.0,1981269000000.0
WFC.N,,,,,,5589000000.0,2062926000000.0
WFC.N,,,,,,5361000000.0,2148631000000.0
GS.N,13213000000.0,7906000000.0,2708000000.0,-7982000000.0,1203000000.0,2538000000.0,931796000000.001
GS.N,13406000000.0,8265000000.0,2719000000.0,-2128000000.0,993000000.0,2251000000.0,925349000000.001
GS.N,14351000000.0,8839000000.0,3127000000.0,-4168000000.0,1012000000.0,2421000000.0,944903000000.0
GS.N,13014000000.0,7710000000.0,2416000000.0,-6397000000.0,1054000000.0,1877000000.0,1007320000000.0
GS.N,14141000000.0,9470000000.0,2321000000.0,-8443000000.0,1192000000.0,1917000000.0,992968000000.0
GS.N,12180000000.0,7768000000.0,1348000000.0,-2843000000.0,1059000000.0,1213000000.0,1089756000000.0
GS.N,15385000000.0,12350000000.0,1291000000.0,-3908000000.0,978000000.0,373000000.0,1141523000000.0
GS.N,12629000000.0,9870000000.0,4299000000.0,-4906000000.0,943000000.0,3367000000.0,1132059000000.0
GS.N,13304000000.0,10431000000.0,5541000000.0,-6309000000.0,1034000000.0,4506000000.0,1163028000000.0
GS.N,19276000000.0,16448000000.0,8337000000.0,-1312000000.0,1062000000.0,6836000000.0,1301548000000.0
GS.N,16698000000.0,14263000000.0,6840000000.0,-2665000000.0,1071000000.0,5486000000.0,1387922000000.0
GS.N,15161000000.0,12469000000.0,6842000000.0,-3548000000.0,1234000000.0,5378000000.0,1443230000000.0
GS.N,13854000000.0,11449000000.0,5025000000.0,-4667000000.0,1388000000.0,3935000000.0,1463988000000.0
GS.N,14318000000.0,11689000000.0,4656000000.0,-953000000.0,1274000000.0,3939000000.0,1589441000000.0
GS.N,14981000000.0,10547000000.0,3544000000.0,-2004000000.0,1428000000.0,2927000000.0,1601224000000.0
GS.N,18482000000.0,10658000000.0,3756000000.0,-2994000000.0,1378000000.0,3069000000.0,1555994000000.0
GS.N,20930000000.0,9159000000.0,1530000000.0,-3748000000.0,1453000000.0,1326000000.0,1441799000000.0
GS.N,25381000000.0,10819000000.0,3993000000.0,-597000000.0,1286000000.0,3234000000.0,1538349000000.0
GS.N,26047000000.0,9510000000.0,1736000000.0,-1263000000.0,1273000000.0,1216000000.0,1571386000000.0
GS.N,28527000000.0,10365000000.0,2756000000.0,-1770000000.0,1248000000.0,2058000000.0,1577153000000.0
GS.N,28463000000.0,9862000000.0,2254000000.0,-2316000000.0,1417000000.0,2008000000.0,1641594000000.0
GS.N,32160000000.0,12716000000.0,5237000000.0,-497000000.0,1254000000.0,4132000000.0,1698440000000.0
GS.N,30929000000.0,11077000000.0,3916000000.0,-1039000000.0,1290000000.0,3043000000.0,1653313000000.0
GS.N,31524000000.0,10998000000.0,3987000000.0,-1505000000.0,1299000000.0,2990000000.0,1728080000000.0
GS.N,32240000000.0,11997000000.0,5257000000.0,-2091000000.0,1419000000.0,4111000000.0,1675972000000.0
GS.N,31550000000.0,13212000000.0,5647000000.0,-499000000.0,1319000000.0,4738000000.0,1766181000000.0
GS.N,31268000000.0,12628000000.0,4958000000.0,-975000000.0,1371000000.0,3723000000.0,1785009000000.0
GS.N,32154000000.0,13216000000.0,5392000000.0,-1533000000.0,1390000000.0,4098000000.0,1807982000000.0
GS.N,30125000000.0,11230000000.0,5855000000.0,-2064000000.0,1528000000.0,4617000000.0,1809320000000.0
AXAF.PA,,,,,,,
ALVG.DE,,,,,,,
ALVG.DE,,,2944000000.0,,1110000000.0,1969000000.0,950497000000.001
ALVG.DE,,,,,,,
ALVG.DE,,,3003000000.0,,1072000000.0,1948000000.0,1013478000000.0
ALVG.DE,,,,,,,
ALVG.DE,,,2078000000.0,,1102000000.0,1399000000.0,990385000000.0
ALVG.DE,,,,,,,
ALVG.DE,,,3050000000.0,,951000000.0,2063000000.0,1027609000000.0
ALVG.DE,,,,,,,
ALVG.DE,,,3700000000.0,,1163000000.0,2566000000.0,1068741000000.0
ALVG.DE,,,,,,,
ALVG.DE,,,3067000000.0,,1178000000.0,2110000000.0,1092570000000.0
ALVG.DE,,,,,,,
ALVG.DE,,,2922000000.0,,,474000000.0,1038864000000.0
ALVG.DE,,,,,,,
ALVG.DE,,,3939000000.0,,,2865000000.0,959976000000.0
ALVG.DE,,,,,,,
ALVG.DE,,,3679000000.0,,,2032000000.0,956523000000.0
ALVG.DE,,,,,,,
ALVG.DE,,,3114000000.0,,,2022000000.0,942671000000.0
ALVG.DE,,,,,,,
ALVG.DE,,,3692000000.0,,,2476000000.0,1003731000000.0
ALVG.DE,,,,,,,
ALVG.DE,,,3561000000.0,,,2469000000.0,1026489000000.0
ALVG.DE,,,,,,,
ALVG.DE,,,3920000000.0,,,2423000000.0,1026857000000.0
ALVG.DE,,,,,,,
ALVG.DE,,,4178000000.0,,,2847000000.0,1012773000000.0
ALVG.DE,,,,,,,
JNJ.N,20394000000.0,13465000000.0,3122000000.0,-3670000000.0,5991000000.0,3042000000.0,152954000000.0
JNJ.N,20021000000.0,13429000000.0,4422000000.0,-656000000.0,5219000000.0,3749000000.0,150027000000.0
JNJ.N,20562000000.0,13660000000.0,7041000000.0,-1493000000.0,5546000000.0,5607000000.0,155117000000.0
JNJ.N,20729000000.0,13882000000.0,1647000000.0,-2238000000.0,5374000000.0,1753000000.0,155521000000.0
JNJ.N,20747000000.0,13632000000.0,4218000000.0,-3498000000.0,6039000000.0,4010000000.0,157728000000.0
JNJ.N,20691000000.0,13644000000.0,6509000000.0,-625000000.0,5203000000.0,5796000000.0,155017000000.0
JNJ.N,18336000000.0,11779000000.0,3940000000.0,-1287000000.0,4993000000.0,3626000000.0,158380000000.0
JNJ.N,21082000000.0,14142000000.0,4401000000.0,-2024000000.0,5431000000.0,3554000000.0,170693000000.0
JNJ.N,22475000000.0,14692000000.0,1647000000.0,-3347000000.0,6457000000.0,1738000000.0,174894000000.0
JNJ.N,22321000000.0,15258000000.0,7429000000.0,-677000000.0,5432000000.0,6197000000.0,172557000000.0
JNJ.N,23312000000.0,15725000000.0,6662000000.0,-1490000000.0,6073000000.0,6278000000.0,176440000000.0
JNJ.N,23338000000.0,16088000000.0,3849000000.0,-2237000000.0,6000000000.0,3667000000.0,179228000000.0
JNJ.N,9769000000.0,8267000000.0,1238000000.0,-3652000000.0,2613000000.0,4736000000.0,182018000000.0
JNJ.N,23426000000.0,15844000000.0,5862000000.0,-607000000.0,5938000000.0,5149000000.0,178355000000.0
JNJ.N,24020000000.0,16118000000.0,5840000000.0,-1470000000.0,6226000000.0,4814000000.0,177724000000.0
JNJ.N,19996000000.0,13824000000.0,5172000000.0,-2422000000.0,4975000000.0,4458000000.0,175124000000.0
JNJ.N,19939000000.0,13855000000.0,3840000000.0,-4009000000.0,5339000000.0,3520000000.0,187378000000.0
JNJ.N,20894000000.0,14207000000.0,-1287000000.0,-863000000.0,4906000000.0,-68000000.0,195969000000.0
JNJ.N,21519000000.0,15057000000.0,6306000000.0,-1987000000.0,5396000000.0,5144000000.0,191686000000.0
JNJ.N,21351000000.0,14971000000.0,5217000000.0,-2954000000.0,5400000000.0,26028000000.0,166061000000.0
JNJ.N,21395000000.0,14680000000.0,4826000000.0,-4543000000.0,5810000000.0,4049000000.0,167558000000.0
JNJ.N,21383000000.0,14879000000.0,3714000000.0,-807000000.0,5257000000.0,3255000000.0,171966000000.0
JNJ.N,22447000000.0,15580000000.0,5748000000.0,-1783000000.0,5681000000.0,4686000000.0,181088000000.0
JNJ.N,22471000000.0,15514000000.0,3338000000.0,-2812000000.0,5478000000.0,2694000000.0,178287000000.0
JNJ.N,22520000000.0,15412000000.0,3887000000.0,-4424000000.0,6453000000.0,3431000000.0,180104000000.0
JNJ.N,21893000000.0,14544000000.0,13631000000.0,-795000000.0,5112000000.0,10999000000.0,193671000000.0
JNJ.N,23743000000.0,16130000000.0,6491000000.0,-1838000000.0,5889000000.0,5537000000.0,193389000000.0
JNJ.N,23993000000.0,16702000000.0,7493000000.0,-2995000000.0,5922000000.0,5152000000.0,192816000000.0
JNJ.N,24564000000.0,16652000000.0,4966000000.0,-4832000000.0,6753000000.0,5116000000.0,199210000000.0
PFE.N,1155000000.0,370000000.0,-9034000000.0,-2196000000.0,2156000000.0,-394000000.0,159422000000.0
PFE.N,9957000000.0,,2079000000.0,-618000000.0,,3883000000.0,155421000000.0
PFE.N,10363000000.0,,2228000000.0,-1206000000.0,,5046000000.0,156199000000.0
PFE.N,10402000000.0,,9443000000.0,-1868000000.0,,7679000000.0,170446000000.0
PFE.N,10449000000.0,8375000000.0,-2208000000.0,-2594000000.0,3624000000.0,-337000000.0,167594000000.0
PFE.N,10083000000.0,8173000000.0,3488000000.0,-495000000.0,2449000000.0,3355000000.0,166336000000.0
PFE.N,9864000000.0,8079000000.0,2518000000.0,-975000000.0,2529000000.0,3489000000.0,177934000000.0
PFE.N,10277000000.0,8299000000.0,865000000.0,-1505000000.0,2564000000.0,1469000000.0,178983000000.0
PFE.N,11427000000.0,8695000000.0,943000000.0,-2791000000.0,3861000000.0,846000000.0,154229000000.0
PFE.N,14516000000.0,10389000000.0,5527000000.0,-554000000.0,2653000000.0,4876000000.0,158818000000.0
PFE.N,18899000000.0,11950000000.0,6254000000.0,-1094000000.0,2787000000.0,5564000000.0,169920000000.0
PFE.N,24035000000.0,14136000000.0,7652000000.0,-1718000000.0,2728000000.0,8146000000.0,179188000000.0
PFE.N,23635000000.0,14060000000.0,4576000000.0,-2711000000.0,3922000000.0,3393000000.0,181476000000.0
PFE.N,25661000000.0,15703000000.0,9873000000.0,-643000000.0,2495000000.0,7863000000.0,183841000000.0
PFE.N,27742000000.0,19117000000.0,12102000000.0,-1394000000.0,2899000000.0,9905000000.0,195290000000.0
PFE.N,22638000000.0,16600000000.0,9412000000.0,-2235000000.0,3240000000.0,8609000000.0,195350000000.0
PFE.N,25135000000.0,15660000000.0,5172000000.0,-3236000000.0,4413000000.0,4995000000.0,197205000000.0
PFE.N,18485000000.0,13738000000.0,6793000000.0,-1139000000.0,3351000000.0,5543000000.0,195617000000.0
PFE.N,13006000000.0,9934000000.0,2079000000.0,-2053000000.0,3420000000.0,2327000000.0,220168000000.0
PFE.N,13492000000.0,4586000000.0,-2947000000.0,-2863000000.0,3204000000.0,-2382000000.0,215021000000.0
PFE.N,14570000000.0,13504000000.0,-6552000000.0,-3907000000.0,4471000000.0,-3369000000.0,226501000000.0
PFE.N,14878000000.0,11842000000.0,4085000000.0,-704000000.0,3454000000.0,3115000000.0,221095000000.0
PFE.N,13283000000.0,10515000000.0,772000000.0,-1341000000.0,3668000000.0,41000000.0,216193000000.0
PFE.N,17701000000.0,12828000000.0,5160000000.0,-1992000000.0,3218000000.0,4465000000.0,219476000000.0
PFE.N,17764000000.0,12110000000.0,-409000000.0,-2909000000.0,4274000000.0,410000000.0,213396000000.0
PFE.N,13715000000.0,11123000000.0,3666000000.0,-564000000.0,3009000000.0,2968000000.0,208028000000.0
PFE.N,14653000000.0,11151000000.0,3467000000.0,-1182000000.0,3395000000.0,2910000000.0,206095000000.0
PFE.N,16654000000.0,12675000000.0,3647000000.0,-1784000000.0,3158000000.0,3541000000.0,208731000000.0
PFE.N,17557000000.0,12492000000.0,-1126000000.0,-2629000000.0,4080000000.0,-1648000000.0,208160000000.0
MRK.N,10998000000.0,7722000000.0,2714000000.0,-2615000000.0,2610000000.0,1827000000.0,82637000000.0
MRK.N,10816000000.0,7798000000.0,3255000000.0,-595000000.0,2425000000.0,2915000000.0,82354000000.0
MRK.N,11760000000.0,8424000000.0,3399000000.0,-1377000000.0,2680000000.0,2670000000.0,83965000000.0
MRK.N,12397000000.0,8469000000.0,2382000000.0,-2336000000.0,2588000000.0,1901000000.0,83331000000.0
MRK.N,,,0.0,-3473000000.0,,,84397000000.0
MRK.N,10288000000.0,7527000000.0,3023000000.0,-986000000.0,2180000000.0,3219000000.0,84913000000.0
MRK.N,9353000000.0,6631000000.0,2354000000.0,-1553000000.0,2074000000.0,3002000000.0,90615000000.0
MRK.N,10929000000.0,7954000000.0,2394000000.0,-2998000000.0,2045000000.0,2941000000.0,89800000000.0
MRK.N,10948000000.0,6223000000.0,-2798000000.0,-4429000000.0,2609000000.0,-2094000000.0,91588000000.0
MRK.N,10627000000.0,7643000000.0,2532000000.0,-1134000000.0,2185000000.0,3179000000.0,90847000000.0
MRK.N,11402000000.0,8373000000.0,1614000000.0,-2068000000.0,2279000000.0,1545000000.0,90688000000.0
MRK.N,13154000000.0,9752000000.0,4816000000.0,-3240000000.0,2331000000.0,4567000000.0,93494000000.0
MRK.N,13521000000.0,9694000000.0,3575000000.0,-4448000000.0,2820000000.0,3758000000.0,105694000000.0
MRK.N,15901000000.0,10567000000.0,5569000000.0,-984000000.0,2302000000.0,4310000000.0,106668000000.0
MRK.N,14593000000.0,10444000000.0,4925000000.0,-2113000000.0,2485000000.0,3944000000.0,107095000000.0
MRK.N,14959000000.0,11079000000.0,4012000000.0,-3239000000.0,2494000000.0,3248000000.0,107081000000.0
MRK.N,13830000000.0,9987000000.0,3438000000.0,-4388000000.0,2667000000.0,3017000000.0,109160000000.0
MRK.N,14487000000.0,10590000000.0,3166500000.0,-1007000000.0,2478000000.0,2821000000.0,107796000000.0
MRK.N,15035000000.0,11043000000.0,-5163000000.0,-1972000000.0,2650000000.0,-5975000000.0,104469000000.0
MRK.N,15962000000.0,11731000000.0,5746000000.0,-2874000000.0,2479000000.0,4745000000.0,106727000000.0
MRK.N,14630000000.0,10835000000.0,-1968000000.0,-3863000000.0,2775000000.0,-1226000000.0,106675000000.0
MRK.N,15775000000.0,12351000000.0,5637000000.0,-861000000.0,2478000000.0,4762000000.0,105849000000.0
MRK.N,16112000000.0,12433000000.0,6048000000.0,-1652000000.0,2708000000.0,5455000000.0,112630000000.0
MRK.N,16657000000.0,12769000000.0,3928000000.0,-2435000000.0,2700000000.0,3157000000.0,117532000000.0
MRK.N,15624000000.0,11917000000.0,4297000000.0,-3372000000.0,2848000000.0,3743000000.0,117106000000.0
MRK.N,15529000000.0,12146000000.0,5868000000.0,-1328000000.0,2552000000.0,5079000000.0,115122000000.0
MRK.N,15806000000.0,12349000000.0,4992000000.0,-2092000000.0,2648000000.0,4427000000.0,117523000000.0
MRK.N,17276000000.0,13493000000.0,6507000000.0,-3079000000.0,2633000000.0,5785000000.0,129546000000.0
MRK.N,16400000000.0,12161000000.0,3852000000.0,-4112000000.0,2895000000.0,2963000000.0,136866000000.0
ABBV.N,8305000000.0,6300000000.0,-2441000000.0,-638000000.0,1887000000.0,-1826000000.0,59352000000.0
ABBV.N,7828000000.0,6094000000.0,3010000000.0,-107000000.0,1470000000.0,2456000000.0,56769000000.0
ABBV.N,8255000000.0,6399000000.0,3400000000.0,-235000000.0,1615000000.0,741000000.0,57142000000.0
ABBV.N,8479000000.0,6517000000.0,2617000000.0,-389000000.0,1396000000.0,1884000000.0,59441000000.0
ABBV.N,8704000000.0,6650000000.0,3956000000.0,-552000000.0,1905000000.0,2801000000.0,89115000000.0
ABBV.N,8619000000.0,6677000000.0,3603000000.0,-125000000.0,1545000000.0,3010000000.0,91199000000.0
ABBV.N,10425000000.0,6748000000.0,752000000.0,-302000000.0,2978000000.0,-738000000.0,149530000000.0
ABBV.N,12902000000.0,7874000000.0,3255000000.0,-519000000.0,2663000000.0,2308000000.0,149621000000.0
ABBV.N,13858000000.0,9248000000.0,3753000000.0,-798000000.0,3029000000.0,36000000.0,150565000000.0
ABBV.N,13010000000.0,8818000000.0,4103000000.0,-188000000.0,2613000000.0,3553000000.0,150501000000.0
ABBV.N,13959000000.0,9461000000.0,4441000000.0,-383000000.0,2975000000.0,766000000.0,147972000000.0
ABBV.N,14342000000.0,9998000000.0,4306000000.0,-600000000.0,2898000000.0,3179000000.0,148858000000.0
ABBV.N,14886000000.0,10606000000.0,5074000000.0,-787000000.0,3090000000.0,4044000000.0,146529000000.0
ABBV.N,13538000000.0,9517000000.0,4717000000.0,-162000000.0,2877000000.0,4490000000.0,143211000000.0
ABBV.N,14583000000.0,10439000000.0,3295000000.0,-305000000.0,5275000000.0,924000000.0,143186000000.0
ABBV.N,14812000000.0,10584000000.0,4603000000.0,-482000000.0,3145000000.0,3949000000.0,141325000000.0
ABBV.N,15121000000.0,10987000000.0,5502000000.0,-695000000.0,3163000000.0,2473000000.0,138805000000.0
ABBV.N,12225000000.0,8253000000.0,2768000000.0,-175000000.0,2819000000.0,239000000.0,134544000000.0
ABBV.N,13865000000.0,9657000000.0,4513000000.0,-353000000.0,3104000000.0,2024000000.0,135367000000.0
ABBV.N,13927000000.0,9562000000.0,2281000000.0,-572000000.0,3265000000.0,1778000000.0,136221000000.0
ABBV.N,14301000000.0,8620000000.0,3195000000.0,-777000000.0,3069000000.0,822000000.0,134711000000.0
ABBV.N,12310000000.0,8216000000.0,2798000000.0,-193000000.0,3063000000.0,1369000000.0,148874000000.0
ABBV.N,14462000000.0,10260000000.0,3998000000.0,-434000000.0,3243000000.0,1370000000.0,141937000000.0
ABBV.N,14460000000.0,10248000000.0,3831000000.0,-683000000.0,4059000000.0,1561000000.0,143422000000.0
ABBV.N,15102000000.0,10706000000.0,-1490000000.0,-974000000.0,3769000000.0,-22000000.0,135161000000.0
ABBV.N,13343000000.0,9341000000.0,3733000000.0,-235000000.0,3065000000.0,1286000000.0,136165000000.0
ABBV.N,15423000000.0,11077000000.0,4894000000.0,-504000000.0,3164000000.0,938000000.0,137182000000.0
ABBV.N,15776000000.0,11319000000.0,1904000000.0,-885000000.0,3446000000.0,186000000.0,133898000000.0
ABBV.N,16618000000.0,12066000000.0,4544000000.0,-1214000000.0,3818000000.0,1816000000.0,133960000000.0
UNH.N,,,4497000000.0,-2063000000.0,8703000000.0,3040000000.0,152221000000.0
UNH.N,,,4832000000.0,-562000000.0,8517000000.0,3467000000.0,161197000000.0
UNH.N,,,4744000000.0,-977000000.0,8415000000.0,3293000000.0,167200000000.0
UNH.N,,,5014000000.0,-1421000000.0,8960000000.0,3538000000.0,173709000000.0
UNH.N,,,5095000000.0,-2071000000.0,9301000000.0,3541000000.0,173889000000.0
UNH.N,,,4996000000.0,-469000000.0,10015000000.0,3382000000.0,189067000000.0
UNH.N,,,9241000000.0,-920000000.0,10001000000.0,6637000000.0,192483000000.0
UNH.N,,,4651000000.0,-1477000000.0,10174000000.0,3172000000.0,190969000000.0
UNH.N,,,3517000000.0,-2051000000.0,11514000000.0,2212000000.0,197289000000.0
UNH.N,,,6739000000.0,-568000000.0,10223000000.0,4862000000.0,205171000000.0
UNH.N,,,5978000000.0,-1130000000.0,10359000000.0,4266000000.0,210292000000.0
UNH.N,,,5712000000.0,-1759000000.0,10725000000.0,4086000000.0,213045000000.0
UNH.N,,,5541000000.0,-2454000000.0,11272000000.0,4071000000.0,212206000000.0
UNH.N,,,6950000000.0,-555000000.0,11401000000.0,5027000000.0,221238000000.0
UNH.N,,,7132000000.0,-1212000000.0,11709000000.0,5070000000.0,230172000000.0
UNH.N,,,7462000000.0,-1936000000.0,11663000000.0,5262000000.0,243064000000.0
UNH.N,,,6891000000.0,-2802000000.0,13009000000.0,4761000000.0,245705000000.0
UNH.N,,,8086000000.0,-760000000.0,13625000000.0,5611000000.0,283679000000.0
UNH.N,,,8057000000.0,-1589000000.0,13809000000.0,5474000000.0,280164000000.0
UNH.N,,,8526000000.0,-2427000000.0,13855000000.0,5841000000.0,282063000000.0
UNH.N,,,7689000000.0,-3386000000.0,13339000000.0,5455000000.0,273720000000.0
UNH.N,,,845000000.0,-743000000.0,14077000000.0,-1409000000.0,284210000000.0
UNH.N,,,6650000000.0,-1596000000.0,13162000000.0,4216000000.0,286056000000.0
UNH.N,,,8688000000.0,-2587000000.0,13280000000.0,6055000000.0,299309000000.0
UNH.N,,,7794000000.0,-3499000000.0,12494000000.0,5543000000.0,298278000000.0
UNH.N,,,9104000000.0,-898000000.0,13594000000.0,6292000000.0,309790000000.0
UNH.N,,,5109000000.0,-1784000000.0,13778000000.0,3406000000.0,308573000000.0
UNH.N,,,4232000000.0,-2674000000.0,15223000000.0,2348000000.0,315269000000.0
UNH.N,,,254000000.0,-3622000000.0,16997000000.0,10000000.0,309581000000.0
CVS.N,54909000000.0,10150000000.0,1309000000.0,-2037000000.0,6613000000.0,-419000000.0,196456000000.0
CVS.N,61646000000.0,10940000000.0,2690000000.0,-716000000.0,8142000000.0,1421000000.0,219768000000.0
CVS.N,63431000000.0,11374000000.0,3332000000.0,-1289000000.0,7975000000.0,1936000000.0,218904000000.0
CVS.N,64810000000.0,11523000000.0,2849000000.0,-1890000000.0,8550000000.0,1529000000.0,220113000000.0
CVS.N,66889000000.0,11691000000.0,3037000000.0,-2457000000.0,,1747000000.0,222449000000.0
CVS.N,66755000000.0,12021000000.0,3458000000.0,-742000000.0,,2007000000.0,230639000000.0
CVS.N,65341000000.0,13348000000.0,4680000000.0,-1190000000.0,,2975000000.0,235495000000.0
CVS.N,67056000000.0,11720000000.0,2483000000.0,-1724000000.0,,1224000000.0,232898000000.0
CVS.N,69554000000.0,11957000000.0,1850000000.0,-2437000000.0,,973000000.0,230715000000.0
CVS.N,69097000000.0,12499000000.0,3577000000.0,-829000000.0,,2223000000.0,229606000000.0
CVS.N,72616000000.0,13195000000.0,4326000000.0,-1315000000.0,,2783000000.0,231164000000.0
CVS.N,73794000000.0,12702000000.0,2698000000.0,-1923000000.0,,1598000000.0,234891000000.0
CVS.N,76604000000.0,13724000000.0,2257000000.0,-2520000000.0,,1397000000.0,232999000000.0
CVS.N,76826000000.0,13394000000.0,3545000000.0,-1051000000.0,,2354000000.0,232873000000.0
CVS.N,80636000000.0,13856000000.0,4669000000.0,-1459000000.0,,3029000000.0,230279000000.0
CVS.N,81159000000.0,13393000000.0,-3919000000.0,-2039000000.0,,-3406000000.0,231212000000.0
CVS.N,83846000000.0,13859000000.0,3659000000.0,-2727000000.0,,2334000000.0,228275000000.0
CVS.N,85278000000.0,13375000000.0,3446000000.0,-984000000.0,,2136000000.0,239330000000.0
CVS.N,88921000000.0,13603000000.0,3234000000.0,-1575000000.0,,1901000000.0,250071000000.0
CVS.N,89764000000.0,13577000000.0,3690000000.0,-2120000000.0,,2261000000.0,251306000000.0
CVS.N,93813000000.0,13876000000.0,3373000000.0,-3031000000.0,,2046000000.0,249728000000.0
CVS.N,88437000000.0,12561000000.0,2271000000.0,-705000000.0,,1113000000.0,249743000000.0
CVS.N,91234000000.0,13383000000.0,3045000000.0,-1343000000.0,,1770000000.0,252481000000.0
CVS.N,95428000000.0,12558000000.0,832000000.0,-2013000000.0,,87000000.0,252427000000.0
CVS.N,97710000000.0,12899000000.0,2859000000.0,-2781000000.0,,1644000000.0,253215000000.0
CVS.N,94588000000.0,14396000000.0,3374000000.0,-743000000.0,,1779000000.0,255585000000.0
CVS.N,98915000000.0,13593000000.0,2381000000.0,-1350000000.0,,1021000000.0,258343000000.0
CVS.N,102871000000.0,13806000000.0,-2724000000.0,-2048000000.0,,-3975000000.0,255327000000.0
CVS.N,105693000000.0,13567000000.0,2112000000.0,-2832000000.0,,2943000000.0,253538000000.0
WMT.N,138793000000.0,33886000000.0,6067000000.0,-10344000000.0,27819000000.0,3687000000.0,219295000000.0
WMT.N,123925000000.0,30891000000.0,4945000000.0,-2205000000.0,25946000000.0,3842000000.0,234544000000.0
WMT.N,130377000000.0,32454000000.0,5583000000.0,-4871000000.0,26871000000.0,3610000000.0,234861000000.0
WMT.N,127991000000.0,32091000000.0,4718000000.0,-7765000000.0,27073000000.0,3288000000.0,239830000000.0
WMT.N,141671000000.0,33923000000.0,5322000000.0,-10705000000.0,28001000000.0,4141000000.0,236495000000.0
WMT.N,134622000000.0,32596000000.0,5224000000.0,-1752000000.0,26472000000.0,3990000000.0,232892000000.0
WMT.N,137742000000.0,35053000000.0,6059000000.0,-3569000000.0,27094000000.0,6476000000.0,237382000000.0
WMT.N,134708000000.0,34369000000.0,4778000000.0,-6438000000.0,27991000000.0,5135000000.0,250863000000.0
WMT.N,152079000000.0,36818000000.0,-1913000000.0,-10264000000.0,30331000000.0,-2091000000.0,252496000000.0
WMT.N,138310000000.0,35038000000.0,6109000000.0,-2214000000.0,27629000000.0,2730000000.0,236581000000.0
WMT.N,141048000000.0,35865000000.0,7354000000.0,-5019000000.0,27311000000.0,4276000000.0,238552000000.0
WMT.N,140525000000.0,35502000000.0,3382000000.0,-8588000000.0,29510000000.0,3105000000.0,244851000000.0
WMT.N,152871000000.0,37349000000.0,5887000000.0,-13106000000.0,30962000000.0,3562000000.0,244860000000.0
WMT.N,141569000000.0,34722000000.0,5318000000.0,-3539000000.0,29404000000.0,2054000000.0,246142000000.0
WMT.N,152859000000.0,37021000000.0,7054000000.0,-7492000000.0,30167000000.0,5149000000.0,247199000000.0
WMT.N,152813000000.0,37200000000.0,2695000000.0,-12061000000.0,31205000000.0,-1798000000.0,247656000000.0
WMT.N,164048000000.0,38625000000.0,5561000000.0,-16857000000.0,32264000000.0,6275000000.0,243197000000.0
WMT.N,152301000000.0,37017000000.0,6240000000.0,-4429000000.0,30777000000.0,1673000000.0,245053000000.0
WMT.N,161632000000.0,39782000000.0,7316000000.0,-9216000000.0,32466000000.0,7891000000.0,255121000000.0
WMT.N,160804000000.0,39621000000.0,6202000000.0,-14674000000.0,33419000000.0,453000000.0,259174000000.0
WMT.N,173388000000.0,41563000000.0,7254000000.0,-20606000000.0,34309000000.0,5494000000.0,252399000000.0
WMT.N,161508000000.0,40077000000.0,6841000000.0,-4676000000.0,33236000000.0,5104000000.0,254054000000.0
WMT.N,169335000000.0,42525000000.0,7940000000.0,-10507000000.0,34585000000.0,4501000000.0,254440000000.0
WMT.N,169588000000.0,42248000000.0,6708000000.0,-16696000000.0,35540000000.0,4577000000.0,263399000000.0
WMT.N,180554000000.0,44382000000.0,7859000000.0,-23783000000.0,36523000000.0,5254000000.0,260823000000.0
WMT.N,165609000000.0,41306000000.0,7135000000.0,-4986000000.0,34171000000.0,4487000000.0,262372000000.0
WMT.N,177402000000.0,44631000000.0,7286000000.0,-11409000000.0,37345000000.0,7026000000.0,270837000000.0
WMT.N,179496000000.0,44790000000.0,6696000000.0,-18627000000.0,38094000000.0,6143000000.0,288655000000.0
WMT.N,190656000000.0,47041000000.0,8708000000.0,-26642000000.0,38333000000.0,4237000000.0,284668000000.0
TGT.N,22977000000.0,6078000000.0,1117000000.0,-3516000000.0,4284000000.0,798000000.0,41290000000.0
TGT.N,17627000000.0,5379000000.0,1135000000.0,-655000000.0,3660000000.0,795000000.0,40619000000.0
TGT.N,18422000000.0,5797000000.0,1324000000.0,-1394000000.0,3902000000.0,938000000.0,41566000000.0
TGT.N,18665000000.0,5730000000.0,1002000000.0,-2403000000.0,4146000000.0,714000000.0,43741000000.0
TGT.N,23399000000.0,6343000000.0,1198000000.0,-3027000000.0,4503000000.0,834000000.0,42779000000.0
TGT.N,19615000000.0,5321000000.0,468000000.0,-751000000.0,4025000000.0,284000000.0,44806000000.0
TGT.N,22975000000.0,7302000000.0,2300000000.0,-1414000000.0,4435000000.0,1690000000.0,48000000000.0
TGT.N,22632000000.0,7123000000.0,1423000000.0,-2009000000.0,4645000000.0,1014000000.0,50661000000.0
TGT.N,28339000000.0,7864000000.0,1836000000.0,-2649000000.0,5448000000.0,1380000000.0,51248000000.0
TGT.N,24197000000.0,7481000000.0,2709000000.0,-540000000.0,4468000000.0,2097000000.0,50471000000.0
TGT.N,25160000000.0,7880000000.0,2467000000.0,-1338000000.0,4810000000.0,1817000000.0,51385000000.0
TGT.N,25652000000.0,7446000000.0,2010000000.0,-2483000000.0,4856000000.0,1488000000.0,54411000000.0
TGT.N,30996000000.0,8235000000.0,2095000000.0,-3544000000.0,5532000000.0,1544000000.0,53811000000.0
TGT.N,25170000000.0,6709000000.0,1346000000.0,-952000000.0,4739000000.0,1009000000.0,50842000000.0
TGT.N,26037000000.0,5895000000.0,321000000.0,-2523000000.0,4975000000.0,183000000.0,52470000000.0
TGT.N,26518000000.0,6838000000.0,1022000000.0,-4323000000.0,5214000000.0,712000000.0,55615000000.0
TGT.N,31395000000.0,7449000000.0,1159000000.0,-5528000000.0,5664000000.0,876000000.0,53335000000.0
TGT.N,25322000000.0,6936000000.0,1328000000.0,-1605000000.0,5025000000.0,950000000.0,52150000000.0
TGT.N,24773000000.0,6975000000.0,1197000000.0,-2825000000.0,5151000000.0,835000000.0,53206000000.0
TGT.N,25398000000.0,7249000000.0,1317000000.0,-3952000000.0,5252000000.0,971000000.0,56229000000.0
TGT.N,31919000000.0,8516000000.0,1865000000.0,-4806000000.0,6025000000.0,1382000000.0,55356000000.0
TGT.N,24531000000.0,7082000000.0,1296000000.0,-674000000.0,5168000000.0,942000000.0,55117000000.0
TGT.N,25452000000.0,7653000000.0,1635000000.0,-1313000000.0,5356000000.0,1192000000.0,55995000000.0
TGT.N,25668000000.0,7293000000.0,1168000000.0,-1968000000.0,5485000000.0,854000000.0,58531000000.0
TGT.N,30915000000.0,8036000000.0,1467000000.0,-2891000000.0,5892000000.0,1103000000.0,57769000000.0
TGT.N,23846000000.0,6718000000.0,1472000000.0,-790000000.0,3998000000.0,1036000000.0,56185000000.0
TGT.N,25211000000.0,7308000000.0,1317000000.0,-1864000000.0,5325000000.0,935000000.0,57851000000.0
TGT.N,25270000000.0,7133000000.0,948000000.0,-2842000000.0,5340000000.0,689000000.0,59991000000.0
TGT.N,30453000000.0,8110000000.0,1380000000.0,-3727000000.0,6024000000.0,1045000000.0,59490000000.0
KR.N,28091000000.0,6188000000.0,389000000.0,-2967000000.0,5218000000.0,259000000.0,38118000000.0
KR.N,37251000000.0,8268000000.0,1077000000.0,-901000000.0,6588000000.0,772000000.0,44319000000.0
KR.N,28168000000.0,6161000000.0,559000000.0,-1581000000.0,5011000000.0,297000000.0,44462000000.0
KR.N,27974000000.0,6176000000.0,254000000.0,-2363000000.0,5298000000.0,263000000.0,45393000000.0
KR.N,28893000000.0,6386000000.0,537000000.0,-3128000000.0,5194000000.0,327000000.0,45256000000.0
KR.N,41549000000.0,10095000000.0,1326000000.0,-698000000.0,7944000000.0,1212000000.0,46942000000.0
KR.N,30489000000.0,6938000000.0,820000000.0,-1343000000.0,5501000000.0,819000000.0,47543000000.0
KR.N,29723000000.0,6822000000.0,792000000.0,-2062000000.0,5399000000.0,631000000.0,48465000000.0
KR.N,30737000000.0,7046000000.0,-158000000.0,-2865000000.0,6530000000.0,-77000000.0,48662000000.0
KR.N,41298000000.0,9351000000.0,805000000.0,-820000000.0,7685000000.0,140000000.0,48811000000.0
KR.N,31682000000.0,6768000000.0,839000000.0,-1319000000.0,5282000000.0,467000000.0,48461000000.0
KR.N,31860000000.0,6901000000.0,868000000.0,-2008000000.0,5374000000.0,483000000.0,49829000000.0
KR.N,33048000000.0,7329000000.0,965000000.0,-2614000000.0,5708000000.0,565000000.0,49086000000.0
KR.N,44600000000.0,9648000000.0,1505000000.0,-745000000.0,7253000000.0,664000000.0,49091000000.0
KR.N,34638000000.0,7246000000.0,954000000.0,-1430000000.0,5608000000.0,731000000.0,48741000000.0
KR.N,34198000000.0,7308000000.0,841000000.0,-2261000000.0,5782000000.0,398000000.0,49987000000.0
KR.N,34822000000.0,7576000000.0,826000000.0,-3078000000.0,6044000000.0,451000000.0,49623000000.0
KR.N,45165000000.0,10085000000.0,1470000000.0,-1028000000.0,7658000000.0,962000000.0,50193000000.0
KR.N,33853000000.0,7378000000.0,-479000000.0,-1954000000.0,7141000000.0,-180000000.0,50202000000.0
KR.N,33957000000.0,7480000000.0,912000000.0,-2907000000.0,5847000000.0,646000000.0,51021000000.0
KR.N,37064000000.0,8421000000.0,1194000000.0,-3904000000.0,6429000000.0,736000000.0,50505000000.0
KR.N,45269000000.0,10145000000.0,1294000000.0,-1304000000.0,7873000000.0,947000000.0,51579000000.0
KR.N,33912000000.0,7651000000.0,815000000.0,-2179000000.0,6085000000.0,466000000.0,51443000000.0
KR.N,33634000000.0,7686000000.0,907000000.0,-3133000000.0,6101000000.0,618000000.0,62418000000.0
KR.N,34308000000.0,7920000000.0,912000000.0,-4017000000.0,6150000000.0,634000000.0,52616000000.0
KR.N,45118000000.0,10567000000.0,1322000000.0,-1044000000.0,8057000000.0,866000000.0,53248000000.0
KR.N,33940000000.0,7810000000.0,863000000.0,-1968000000.0,6001000000.0,609000000.0,53590000000.0
KR.N,33859000000.0,7902000000.0,-1541000000.0,-2909000000.0,6068000000.0,-1320000000.0,51440000000.0
KR.N,34725000000.0,8123000000.0,1246000000.0,-3855000000.0,6176000000.0,861000000.0,49941000000.0
KO.N,7806000000.0,4704000000.0,1048000000.0,-1548000000.0,1791000000.0,870000000.0,83216000000.0
KO.N,8694000000.0,5329000000.0,2010000000.0,-388000000.0,1791000000.0,1678000000.0,88347000000.0
KO.N,9997000000.0,6076000000.0,2939000000.0,-767000000.0,1794000000.0,2607000000.0,89996000000.0
KO.N,9507000000.0,5740000000.0,2021000000.0,-1206000000.0,1861000000.0,2593000000.0,87433000000.0
KO.N,9068000000.0,5502000000.0,2242000000.0,-2054000000.0,2257000000.0,2042000000.0,86381000000.0
KO.N,8601000000.0,5230000000.0,3300000000.0,-327000000.0,1695000000.0,2775000000.0,94013000000.0
KO.N,7150000000.0,4137000000.0,1924000000.0,-536000000.0,1596000000.0,1779000000.0,94689000000.0
KO.N,8652000000.0,5181000000.0,2259000000.0,-759000000.0,1589000000.0,1737000000.0,97183999999.9999
KO.N,8611000000.0,5033000000.0,2096000000.0,-1177000000.0,1916000000.0,1456000000.0,87296000000.0
KO.N,9020000000.0,5515000000.0,2610000000.0,-216000000.0,1710000000.0,2245000000.0,89993000000.0
KO.N,10129000000.0,6342000000.0,3090000000.0,-450000000.0,1793000000.0,2641000000.0,90193999999.9999
KO.N,10042000000.0,6065000000.0,2940000000.0,-728000000.0,1861000000.0,2471000000.0,90606000000.0
KO.N,9464000000.0,5376000000.0,2278000000.0,-1367000000.0,2345000000.0,2414000000.0,94354000000.0
KO.N,10491000000.0,6400000000.0,3394000000.0,-217000000.0,1900000000.0,2781000000.0,94064000000.0
KO.N,11325000000.0,6495000000.0,2245000000.0,-487000000.0,1933000000.0,1905000000.0,93169000000.0001
KO.N,11063000000.0,6497000000.0,3088000000.0,-776000000.0,1744000000.0,2825000000.0,92471000000.0001
KO.N,10125000000.0,5612000000.0,2215000000.0,-1484000000.0,2628000000.0,2031000000.0,92763000000.0001
KO.N,10980000000.0,6663000000.0,3806000000.0,-276000000.0,2062000000.0,3107000000.0,97403999999.9999
KO.N,11972000000.0,7060000000.0,2401000000.0,-615000000.0,2040000000.0,2547000000.0,98456000000.0
KO.N,11953000000.0,7296000000.0,3270000000.0,-1001000000.0,2084000000.0,3087000000.0,97577999999.9999
KO.N,10849000000.0,6215000000.0,2296000000.0,-1852000000.0,2522000000.0,1973000000.0,97703000000.0001
KO.N,11300000000.0,7065000000.0,3542000000.0,-370000000.0,2122000000.0,3177000000.0,99391999999.9999
KO.N,12363000000.0,7551000000.0,2598000000.0,-792000000.0,2077000000.0,2411000000.0,101202000000.0
KO.N,11854000000.0,7190000000.0,2838000000.0,-1261000000.0,2966000000.0,2848000000.0,106266000000.0
KO.N,11544000000.0,6931000000.0,2729000000.0,-2064000000.0,654000000.0,2195000000.0,100549000000.0
KO.N,11129000000.0,6966000000.0,3951000000.0,-309000000.0,2082000000.0,3330000000.0,101716000000.0
KO.N,12535000000.0,7821000000.0,4314000000.0,-751000000.0,2075000000.0,3810000000.0,104333000000.0
KO.N,12455000000.0,7658000000.0,3581000000.0,-1230000000.0,2021000000.0,3696000000.0,106045000000.0
KO.N,11822000000.0,7099000000.0,2548000000.0,-2112000000.0,2664000000.0,2271000000.0,104816000000.0
PG.N,17438000000.0,8662000000.0,3887000000.0,-1781000000.0,4635000000.0,3194000000.0,123687000000.0
PG.N,16462000000.0,8120000000.0,3227000000.0,-2533000000.0,4873000000.0,2745000000.0,121673000000.0
PG.N,17094000000.0,8684000000.0,-5193000000.0,-3347000000.0,4943000000.0,-5241000000.0,115095000000.0
PG.N,17798000000.0,9145000000.0,4289000000.0,-1079000000.0,4756000000.0,3593000000.0,114058000000.0
PG.N,18240000000.0,9434000000.0,4477000000.0,-1684000000.0,4794000000.0,3717000000.0,111723000000.0
PG.N,17214000000.0,8696000000.0,3450000000.0,-2415000000.0,4985000000.0,2917000000.0,118560000000.0
PG.N,17698000000.0,9039000000.0,3477000000.0,-3073000000.0,5314000000.0,2800000000.0,120700000000.0
PG.N,19318000000.0,10176000000.0,5281000000.0,-850000000.0,4895000000.0,4277000000.0,119899000000.0
PG.N,19745000000.0,10492000000.0,5380000000.0,-1417000000.0,5112000000.0,3854000000.0,120112000000.0
PG.N,18109000000.0,9187000000.0,3785000000.0,-2073000000.0,5402000000.0,3269000000.0,116778000000.0
PG.N,18946000000.0,9155000000.0,3540000000.0,-2787000000.0,5615000000.0,2906000000.0,119307000000.0
PG.N,20338000000.0,9973000000.0,5023000000.0,-1091000000.0,4950000000.0,4112000000.0,119669000000.0
PG.N,20953000000.0,10289000000.0,5168000000.0,-1717000000.0,5121000000.0,4223000000.0,121416000000.0
PG.N,19381000000.0,9055000000.0,4024000000.0,-2464000000.0,5031000000.0,3355000000.0,120217000000.0
PG.N,19515000000.0,8713000000.0,3598000000.0,-3156000000.0,5115000000.0,3052000000.0,117208000000.0
PG.N,20612000000.0,9766000000.0,4939000000.0,-890000000.0,4827000000.0,3939000000.0,116282000000.0
PG.N,20773000000.0,9876000000.0,4785000000.0,-1598000000.0,5091000000.0,3933000000.0,117715000000.0
PG.N,20068000000.0,9664000000.0,4248000000.0,-2328000000.0,5416000000.0,3397000000.0,119851000000.0
PG.N,20553000000.0,9940000000.0,4162000000.0,-3062000000.0,5778000000.0,3384000000.0,120829000000.0
PG.N,21871000000.0,11370000000.0,5767000000.0,-925000000.0,5604000000.0,4521000000.0,122531000000.0
PG.N,21441000000.0,11345000000.0,4433000000.0,-1742000000.0,5483000000.0,3468000000.0,120709000000.0
PG.N,20195000000.0,10384000000.0,4459000000.0,-2539000000.0,5855000000.0,3753000000.0,119598000000.0
PG.N,20532000000.0,10278000000.0,3635000000.0,-3322000000.0,6237000000.0,3137000000.0,122370000000.0
PG.N,21737000000.0,11357000000.0,5006000000.0,-993000000.0,5465000000.0,3960000000.0,126482000000.0
PG.N,21882000000.0,11492000000.0,5746000000.0,-1918000000.0,5698000000.0,4629000000.0,122639000000.0
PG.N,19776000000.0,10105000000.0,4552000000.0,-2777000000.0,5498000000.0,3770000000.0,122984000000.0
PG.N,20889000000.0,10317000000.0,4353000000.0,-3773000000.0,5838000000.0,3615000000.0,125231000000.0
PG.N,22386000000.0,11599000000.0,5847000000.0,-1200000000.0,5537000000.0,4750000000.0,127599000000.0
PG.N,22208000000.0,11554000000.0,5348000000.0,-2367000000.0,5837000000.0,4319000000.0,127286000000.0
T.N,47993000000.0,24684000000.0,6160000000.0,-20758000000.0,10587000000.0,4858000000.0,531864000000.0
T.N,44827000000.0,24088000000.0,7233000000.0,-5121000000.0,9665000000.0,4096000000.0,548384000000.0
T.N,44957000000.0,24445000000.0,7500000000.0,-10542000000.0,9854000000.0,3713000000.0,546914000000.0
T.N,44588000000.0,24434000000.0,7901000000.0,-15683000000.0,9593000000.0,3700000000.0,548796000000.0
T.N,46821000000.0,24085000000.0,5321000000.0,-19435000000.0,10378000000.0,2394000000.0,551669000000.0
T.N,42779000000.0,23498000000.0,7486000000.0,-4938000000.0,9701000000.0,4610000000.0,545354000000.0
T.N,40950000000.0,22967000000.0,3532000000.0,-9372000000.0,9835000000.0,1281000000.0,547898000000.0
T.N,42340000000.0,22501000000.0,6132000000.0,-13283000000.0,9266000000.0,2816000000.0,538553000000.0
T.N,16981000000.0,8340000000.0,-8778000000.0,-14690000000.0,2981000000.0,-13883000000.0,525761000000.0
T.N,35877000000.0,19286000000.0,7194000000.0,-4033000000.0,7646000000.0,7550000000.0,546985000000.0
T.N,35740000000.0,19582000000.0,7572000000.0,-7581000000.0,7605000000.0,1570000000.0,544710000000.0
T.N,31326000000.0,17893000000.0,6237000000.0,-12051000000.0,7230000000.0,5918000000.0,547107000000.0
T.N,31095000000.0,16870000000.0,4894000000.0,-15545000000.0,7383000000.0,5043000000.0,551622000000.0
T.N,29712000000.0,16977000000.0,5537000000.0,-4568000000.0,6981000000.0,4810000000.0,577195000000.0
T.N,29643000000.0,17302000000.0,4956000000.0,-9476000000.0,7250000000.0,4157000000.0,426433000000.0
T.N,30043000000.0,17842000000.0,6012000000.0,-15397000000.0,7193000000.0,6026000000.0,426463000000.0
T.N,31343000000.0,17772000000.0,-21092000000.0,-19626000000.0,7516000000.0,-23517000000.0,402853000000.0
T.N,30139000000.0,17808000000.0,6002000000.0,-4335000000.0,7174000000.0,4228000000.0,400873000000.0
T.N,29917000000.0,18090000000.0,6406000000.0,-8605000000.0,7005000000.0,4489000000.0,408453000000.0
T.N,30350000000.0,18296000000.0,5782000000.0,-13252000000.0,7197000000.0,3495000000.0,406698000000.0
T.N,32022000000.0,18111000000.0,5271000000.0,-17853000000.0,7482000000.0,2188000000.0,407060000000.0
T.N,30028000000.0,18074000000.0,5847000000.0,-3758000000.0,7018000000.0,3445000000.0,399428000000.0
T.N,29797000000.0,18355000000.0,5760000000.0,-8118000000.0,7024000000.0,3597000000.0,398026000000.0
T.N,30213000000.0,18583000000.0,2116000000.0,-13420000000.0,6953000000.0,-174000000.0,393719000000.0
T.N,32298000000.0,18103000000.0,5326000000.0,-20263000000.0,7402000000.0,4080000000.0,394795000000.0
T.N,30626000000.0,18593000000.0,5754000000.0,-4277000000.0,7149000000.0,4351000000.0,397467000000.0
T.N,30847000000.0,18697000000.0,6501000000.0,-9174000000.0,6945000000.0,4500000000.0,405491000000.0
T.N,30709000000.0,18890000000.0,6119000000.0,-14061000000.0,7461000000.0,9314000000.0,423213000000.0
T.N,33466000000.0,18648000000.0,5788000000.0,-20842000000.0,7399000000.0,3788000000.0,420198000000.0
VZ.N,34281000000.0,18990000000.0,2290000000.0,-18087000000.0,7405000000.0,1939000000.0,264829000000.0
VZ.N,32128000000.0,19138000000.0,7805000000.0,-4372000000.0,7198000000.0,5032000000.0,283947000000.0
VZ.N,32071000000.0,19350000000.0,6306000000.0,-8166000000.0,7268000000.0,3944000000.0,283108000000.0
VZ.N,32894000000.0,19510000000.0,7889000000.0,-12631000000.0,7477000000.0,5194000000.0,284875000000.0
VZ.N,34775000000.0,19144000000.0,4648000000.0,-18837000000.0,8010000000.0,5095000000.0,291727000000.0
VZ.N,31610000000.0,19314000000.0,6397000000.0,-5484000000.0,7390000000.0,4156000000.0,294500000000.0
VZ.N,30447000000.0,18698000000.0,7106000000.0,-11651000000.0,7156000000.0,4700000000.0,293259000000.0
VZ.N,31543000000.0,19209000000.0,6586000000.0,-16155000000.0,7339000000.0,4357000000.0,296994000000.0
VZ.N,34692000000.0,19870000000.0,6997000000.0,-20318000000.0,8146000000.0,4588000000.0,316481000000.0
VZ.N,32867000000.0,19345000000.0,7770000000.0,-49277000000.0,7178000000.0,5245000000.0,345573000000.0
VZ.N,33764000000.0,19509000000.0,8347000000.0,-53994000000.0,7324000000.0,5800000000.0,349190000000.0
VZ.N,32915000000.0,19387000000.0,8761000000.0,-60888000000.0,7124000000.0,6407000000.0,353457000000.0
VZ.N,34067000000.0,19071000000.0,6408000000.0,-67882000000.0,7306000000.0,4613000000.0,366596000000.0
VZ.N,33554000000.0,19204000000.0,6555000000.0,-7659000000.0,7172000000.0,4580000000.0,365716000000.0
VZ.N,33789000000.0,19369000000.0,7354000000.0,-12766000000.0,7496000000.0,5199000000.0,370147000000.0
VZ.N,34241000000.0,19640000000.0,7249000000.0,-18701000000.0,7422000000.0,4900000000.0,375090000000.0
VZ.N,35251000000.0,19489000000.0,9743000000.0,-26740000000.0,7742000000.0,6577000000.0,379680000000.0
VZ.N,32912000000.0,19408000000.0,7654000000.0,-6556000000.0,7506000000.0,4909000000.0,377716000000.0
VZ.N,32596000000.0,19846000000.0,7289000000.0,-11155000000.0,7875000000.0,4648000000.0,379955000000.0
VZ.N,33336000000.0,19959000000.0,7558000000.0,-16023000000.0,7721000000.0,4762000000.0,384830000000.0
VZ.N,35130000000.0,19956000000.0,684000000.0,-24563000000.0,8378000000.0,-2705000000.0,380255000000.0
VZ.N,32981000000.0,20109000000.0,7631000000.0,-4825000000.0,8037000000.0,4602000000.0,380158000000.0
VZ.N,32796000000.0,20325000000.0,7771000000.0,-8684000000.0,8024000000.0,4593000000.0,379146000000.0
VZ.N,33330000000.0,20279000000.0,6016000000.0,-12787000000.0,7788000000.0,3306000000.0,381164000000.0
VZ.N,35681000000.0,20167000000.0,8185000000.0,-17990000000.0,8240000000.0,5005000000.0,384711000000.0
VZ.N,33485000000.0,20429000000.0,8068000000.0,-4267000000.0,7874000000.0,4879000000.0,380364000000.0
VZ.N,34504000000.0,20619000000.0,8260000000.0,-8187000000.0,7812000000.0,5003000000.0,383285000000.0
VZ.N,33821000000.0,20475000000.0,8199000000.0,-12603000000.0,7700000000.0,4950000000.0,388331000000.0
VZ.N,36381000000.0,20108000000.0,4640000000.0,-17461000000.0,8248000000.0,2342000000.0,404258000000.0
DTEGn.DE,20261000000.0,9928000000.0,948000000.0,-12492000000.0,267000000.0,-431000000.0,145375000000.0
DTEGn.DE,19488000000.0,11268000000.0,2258000000.0,-3827000000.0,224000000.0,900000000.0,165472000000.0
DTEGn.DE,19664000000.0,11495000000.0,2350000000.0,-8026000000.0,248000000.0,944000000.0,164214000000.0
DTEGn.DE,20017000000.0,11724000000.0,3057000000.0,-11207000000.0,203000000.0,1369000000.0,174327000000.0
DTEGn.DE,21362000000.0,11535000000.0,1792000000.0,-14357000000.0,209000000.0,653000000.0,170672000000.0
DTEGn.DE,19943000000.0,12010000000.0,2511000000.0,-3570000000.0,265000000.0,916000000.0,173646000000.0
DTEGn.DE,27041000000.0,16086000000.0,3087000000.0,-8116000000.0,327000000.0,753000000.0,269971000000.0
DTEGn.DE,26393000000.0,16029000000.0,3107000000.0,-12880000000.0,218000000.0,817000000.0,265292000000.0
DTEGn.DE,27622000000.0,14956000000.0,4100000000.0,-18694000000.0,158000000.0,1671000000.0,264917000000.0
DTEGn.DE,26390000000.0,15631000000.0,3519000000.0,-12272000000.0,250000000.0,936000000.0,273901000000.0
DTEGn.DE,26593000000.0,15572000000.0,3688000000.0,-16594000000.0,294000000.0,1880000000.0,270504000000.0
DTEGn.DE,26594000000.0,15513000000.0,3343000000.0,-21259000000.0,400000000.0,889000000.0,273355000000.0
DTEGn.DE,28596000000.0,14771000000.0,2272000000.0,-26365000000.0,171000000.0,471000000.0,281627000000.0
DTEGn.DE,27693000000.0,15539000000.0,6194000000.0,-7172000000.0,274000000.0,3948000000.0,292422000000.0
DTEGn.DE,27835000000.0,15979000000.0,2221000000.0,-12258000000.0,624000000.0,1460000000.0,301686000000.0
DTEGn.DE,28925000000.0,16594000000.0,3161000000.0,-18208000000.0,222000000.0,1577000000.0,321357000000.0
DTEGn.DE,29744000000.0,16037000000.0,3838000000.0,-24114000000.0,250000000.0,1016000000.0,298590000000.0
DTEGn.DE,27824000000.0,16783000000.0,5014000000.0,-4826000000.0,273000000.0,15360000000.0,303793000000.0
DTEGn.DE,27221000000.0,16784000000.0,5207000000.0,-9436000000.0,289000000.0,1539000000.0,299701000000.0
DTEGn.DE,27556000000.0,17086000000.0,5426000000.0,-13701000000.0,220000000.0,1922000000.0,302513000000.0
DTEGn.DE,29369000000.0,16832000000.0,5151000000.0,-17866000000.0,263000000.0,-1035000000.0,290305000000.0
DTEGn.DE,27942000000.0,17380000000.0,5686000000.0,-4718000000.0,289000000.0,1982000000.0,295222000000.0
DTEGn.DE,28394000000.0,17928000000.0,5980000000.0,-8578000000.0,150000000.0,2087000000.0,296044000000.0
DTEGn.DE,28501000000.0,17943000000.0,6137000000.0,-14370000000.0,267000000.0,2957000000.0,288608000000.0
DTEGn.DE,30931000000.0,17776000000.0,8474000000.0,-19171000000.0,188000000.0,4183000000.0,304934000000.0
DTEGn.DE,29755000000.0,18746000000.0,6766000000.0,-4480000000.0,228000000.0,2845000000.0,304980000000.0
DTEGn.DE,28671000000.0,18031000000.0,6642000000.0,-9205000000.0,211000000.0,2614000000.0,281511000000.0
DTEGn.DE,28935000000.0,18133000000.0,6027000000.0,-14586000000.0,135000000.0,2427000000.0,287205000000.0
DTEGn.DE,31720000000.0,18107000000.0,5387000000.0,-19256000000.0,143000000.0,1723000000.0,289769000000.0
CMCSA.O,27846000000.0,18594000000.0,4514000000.0,-11709000000.0,8646000000.0,2511000000.0,251684000000.0
CMCSA.O,26859000000.0,18290000000.0,5182000000.0,-2639000000.0,7849000000.0,3553000000.0,256189000000.0
CMCSA.O,26858000000.0,18603000000.0,5356000000.0,-5433000000.0,8002000000.0,3125000000.0,256555000000.0
CMCSA.O,26827000000.0,18511000000.0,5340000000.0,-8552000000.0,8057000000.0,3217000000.0,256374000000.0
CMCSA.O,28398000000.0,19098000000.0,5247000000.0,-12428000000.0,8719000000.0,3162000000.0,263414000000.0
CMCSA.O,26609000000.0,18308000000.0,4852000000.0,-2499000000.0,8240000000.0,2147000000.0,262421000000.0
CMCSA.O,23715000000.0,16898000000.0,4647000000.0,-5176000000.0,7630000000.0,2988000000.0,265978000000.0
CMCSA.O,25532000000.0,16967000000.0,4076000000.0,-8115000000.0,8049000000.0,2019000000.0,268940000000.0
CMCSA.O,27708000000.0,18270000000.0,3918000000.0,-11634000000.0,9134000000.0,3380000000.0,273869000000.0
CMCSA.O,27205000000.0,18286000000.0,5039000000.0,-2471000000.0,8257000000.0,3329000000.0,278511000000.0
CMCSA.O,28546000000.0,19290000000.0,5507000000.0,-5286000000.0,8513000000.0,3738000000.0,277004000000.0
CMCSA.O,30298000000.0,19903000000.0,5450000000.0,-8152000000.0,8951000000.0,4035000000.0,277061000000.0
CMCSA.O,30336000000.0,20456000000.0,4821000000.0,-12057000000.0,9812000000.0,3056000000.0,275905000000.0
CMCSA.O,31010000000.0,20440000000.0,5569000000.0,-2497000000.0,9227000000.0,3549000000.0,274074000000.0
CMCSA.O,30016000000.0,21129000000.0,6367000000.0,-5653000000.0,9107000000.0,3396000000.0,267032000000.0
CMCSA.O,29849000000.0,20900000000.0,-2425000000.0,-9214000000.0,9353000000.0,-4598000000.0,254308000000.0
CMCSA.O,30553000000.0,20746000000.0,4530000000.0,-13767000000.0,10564000000.0,3023000000.0,257275000000.0
CMCSA.O,29691000000.0,20687000000.0,5646000000.0,-3429000000.0,9309000000.0,3834000000.0,259429000000.0
CMCSA.O,30513000000.0,21664000000.0,6709000000.0,-7204000000.0,9320000000.0,4248000000.0,262147000000.0
CMCSA.O,30115000000.0,21463000000.0,6475000000.0,-11327000000.0,9635000000.0,4046000000.0,261072000000.0
CMCSA.O,31253000000.0,20997000000.0,4484000000.0,-15540000000.0,10943000000.0,3261000000.0,264811000000.0
CMCSA.O,30058000000.0,21235000000.0,5810000000.0,-3309000000.0,9863000000.0,3856000000.0,263601000000.0
CMCSA.O,29688000000.0,21727000000.0,6635000000.0,-6695000000.0,9633000000.0,3928000000.0,262555000000.0
CMCSA.O,32070000000.0,21854000000.0,5859000000.0,-10310000000.0,10130000000.0,3629000000.0,269871000000.0
CMCSA.O,31914000000.0,21888000000.0,4993000000.0,-15130000000.0,10937000000.0,4777000000.0,266211000000.0
CMCSA.O,29887000000.0,21472000000.0,5658000000.0,-2874000000.0,9869000000.0,3375000000.0,267770000000.0
CMCSA.O,30313000000.0,22737000000.0,5992000000.0,-6187000000.0,10285000000.0,11123000000.0,273850000000.0
CMCSA.O,31198000000.0,22543000000.0,5534000000.0,-9935000000.0,10679000000.0,3333000000.0,272995000000.0
CMCSA.O,32310000000.0,22005000000.0,3488000000.0,-14408000000.0,11680000000.0,2167000000.0,272631000000.0
VOD.L,10996000000.0,,,,,,
VOD.L,,,,,,,
VOD.L,10653000000.0,,,,,,
VOD.L,,,,,,,
VOD.L,11750000000.0,,,,,,
VOD.L,,,,,,,
VOD.L,10506000000.0,,,,,,
VOD.L,,,,,,,
VOD.L,11201000000.0,,,,,,
VOD.L,,,,,,,
VOD.L,11101000000.0,,,,,,
VOD.L,,,,,,,
VOD.L,11684000000.0,,,,,,
VOD.L,,,,,,,
VOD.L,11278000000.0,,,,,,
VOD.L,,,,,,,
VOD.L,11638000000.0,,,,,,
VOD.L,,,,,,,
VOD.L,8793000000.0,,,,,,
VOD.L,,,,,,,
VOD.L,9346000000.0,,,,,,
VOD.L,,,,,,,
VOD.L,9036000000.0,,,,,,
VOD.L,,,,,,,
VOD.L,9811000000.0,,,,,,
VOD.L,,,,,,,
VOD.L,9385000000.0,,,,,,
VOD.L,,,,,,,
EQIX.O,1310083000.0,639148000.0,258554000.0,-2096174000.0,332224000.0,110022000.0,20244638000.0
EQIX.O,1363218000.0,681188000.0,279126000.0,-363967000.0,340750000.0,118078000.0,22491091000.0
EQIX.O,1384977000.0,686798000.0,291781000.0,-808138000.0,336838000.0,143527000.0,22886505000.0
EQIX.O,1396810000.0,692471000.0,285683000.0,-1364960000.0,346619000.0,120850000.0,22842333000.0
EQIX.O,1417135000.0,691499000.0,260216000.0,-2079521000.0,350673000.0,124995000.0,23965615000.0
EQIX.O,1444542000.0,708260000.0,247043000.0,-400941000.0,370824000.0,118792000.0,23590698000.0
EQIX.O,1470121000.0,730777000.0,280620000.0,-882889000.0,366825000.0,133304000.0,27792630000.0
EQIX.O,1519767000.0,751788000.0,194856000.0,-1448174000.0,384685000.0,66687000.0,26436714000.0
EQIX.O,1564115000.0,733380000.0,184605000.0,-2282504000.0,408876000.0,50994000.0,27006841000.0
EQIX.O,1596064000.0,784847000.0,284604000.0,-563598000.0,414400000.0,156362000.0,27316990000.0
EQIX.O,1657919000.0,792799000.0,176194000.0,-1255830000.0,423288000.0,68339000.0,27930362000.0
EQIX.O,1675176000.0,779813000.0,282300000.0,-1934107000.0,422912000.0,152216000.0,27774131000.0
EQIX.O,1706378000.0,795943000.0,249939000.0,-2751512000.0,447380000.0,123274000.0,27918698000.0
EQIX.O,1734447000.0,818572000.0,267845000.0,-412518000.0,465689000.0,147453000.0,28023233000.0
EQIX.O,1817154000.0,886897000.0,317433000.0,-897348000.0,471271000.0,216322000.0,29038214000.0
EQIX.O,1840659000.0,905990000.0,333234000.0,-1450077000.0,477474000.0,211807000.0,29325866000.0
EQIX.O,1870845000.0,900145000.0,282343000.0,-2278004000.0,511872000.0,128763000.0,30310742000.0
EQIX.O,1998209000.0,992118000.0,384375000.0,-529600000.0,518153000.0,258786000.0,31274198000.0
EQIX.O,2018408000.0,957608000.0,332386000.0,-1167759000.0,529298000.0,207030000.0,31566945000.0
EQIX.O,2061030000.0,992039000.0,379991000.0,-1785298000.0,530339000.0,275794000.0,31684602000.0
EQIX.O,2110489000.0,1018713000.0,346487000.0,-2781018000.0,573525000.0,227568000.0,32650724000.0
EQIX.O,2127000000.0,1036000000.0,363000000.0,-707000000.0,582000000.0,231000000.0,31937000000.0
EQIX.O,2159000000.0,1077000000.0,436000000.0,-1355000000.0,546000000.0,301000000.0,32854000000.0
EQIX.O,2201000000.0,1103000000.0,425000000.0,-2079000000.0,564000000.0,297000000.0,35438000000.0
EQIX.O,2261000000.0,1065000000.0,88000000.0,-3066000000.0,561000000.0,-14000000.0,35085000000.0
EQIX.O,2225000000.0,1141000000.0,458000000.0,-750000000.0,568000000.0,343000000.0,36079000000.0
EQIX.O,2256000000.0,1172000000.0,495000000.0,-1739000000.0,561000000.0,368000000.0,38849000000.0
EQIX.O,2316000000.0,1174000000.0,474000000.0,-2875000000.0,574000000.0,374000000.0,38060000000.0
EQIX.O,2420000000.0,1222000000.0,422000000.0,-4311000000.0,603000000.0,265000000.0,40141000000.0
DLR.N,778267000.0,491037000.0,121279000.0,-1735874000.0,41815000.0,51559000.0,23766695000.0
DLR.N,814515000.0,519255000.0,128657000.0,-398349000.0,53459000.0,116812000.0,23342067000.0
DLR.N,800797000.0,503842000.0,128067000.0,-839968000.0,52983000.0,60168000.0,23430091000.0
DLR.N,806466000.0,505677000.0,159401000.0,-1213219000.0,49985000.0,66497000.0,23172765000.0
DLR.N,787463000.0,487706000.0,206430000.0,-1530681000.0,54670000.0,336284000.0,23068131000.0
DLR.N,823337000.0,511959000.0,99417000.0,-690560000.0,63538000.0,224014000.0,33113300000.0
DLR.N,992995000.0,611907000.0,152811000.0,-1206071000.0,94291000.0,74831000.0,33862638000.0
DLR.N,1024668000.0,623330000.0,91396000.0,-1990179000.0,91352000.0,-138000.0,35435333000.0
DLR.N,1062609000.0,642297000.0,110687000.0,-3093718000.0,102188000.0,57691000.0,36076291000.0
DLR.N,1090391000.0,713909000.0,174172000.0,-508523000.0,137794000.0,385920000.0,35542491000.0
DLR.N,1093188000.0,698674000.0,185628000.0,-1081446000.0,134692000.0,121254000.0,36151220000.0
DLR.N,1133136000.0,702774000.0,184365000.0,-1748075000.0,135060000.0,134275000.0,35847646000.0
DLR.N,1111167000.0,680705000.0,131172000.0,-2520772000.0,139608000.0,1067810000.0,36369560000.0
DLR.N,1127322000.0,678905000.0,90100000.0,-518734000.0,135913000.0,73281000.0,36680542000.0
DLR.N,1139322000.0,704371000.0,170372000.0,-1067027000.0,143376000.0,63427000.0,35956057000.0
DLR.N,1192083000.0,706490000.0,157381000.0,-1753520000.0,133447000.0,237075000.0,39215217000.0
DLR.N,1233107000.0,730506000.0,120980000.0,-2643097000.0,155431000.0,3901000.0,41484998000.0
DLR.N,1338723000.0,761119000.0,177334000.0,-738677000.0,150320000.0,68726000.0,41953067000.0
DLR.N,1366267000.0,753768000.0,154860000.0,-1368660000.0,147916000.0,118184000.0,42388734000.0
DLR.N,1402432000.0,755720000.0,58226000.0,-2466462000.0,148121000.0,733618000.0,41932517000.0
DLR.N,1369639000.0,761583000.0,134041000.0,-3525598000.0,155899000.0,28310000.0,44113258000.0
DLR.N,1331143000.0,775354000.0,148297000.0,-659315000.0,152210000.0,281508000.0,42633089000.0
DLR.N,1356749000.0,785873000.0,9889000.0,-1314800000.0,156795000.0,80220000.0,43606883000.0
DLR.N,1431214000.0,814053000.0,165650000.0,-2096330000.0,156802000.0,51193000.0,45295391000.0
DLR.N,1435862000.0,814073000.0,142157000.0,-2831740000.0,167716000.0,189569000.0,45283616000.0
DLR.N,1407637000.0,840513000.0,195750000.0,-787303000.0,161740000.0,109974000.0,45080562000.0
DLR.N,1493150000.0,871722000.0,211697000.0,-1491626000.0,176117000.0,1032156000.0,48714995000.0
DLR.N,1577234000.0,907484000.0,138421000.0,-2179018000.0,182205000.0,67812000.0,48728634000.0
DLR.N,1634671000.0,924936000.0,112633000.0,-3181179000.0,204120000.0,98647000.0,49410468000.0
IRM.N,1061489000.0,615738000.0,254053000.0,-532541000.0,256374000.0,157844000.0,11857218000.0
IRM.N,1053863000.0,593217000.0,158675000.0,-211516000.0,268711000.0,29561000.0,13689363000.0
IRM.N,1066907000.0,603098000.0,193115000.0,-406347000.0,252156000.0,92441000.0,13720982000.0
IRM.N,1062224000.0,612852000.0,223474000.0,-584033000.0,237151000.0,107675000.0,13577167000.0
IRM.N,1079590000.0,624238000.0,206074000.0,-748459000.0,237782000.0,37700000.0,13816816000.0
IRM.N,1068731000.0,601810000.0,137502000.0,-103206000.0,238733000.0,63975000.0,13566336000.0
IRM.N,982239000.0,699642000.0,114686000.0,-210013000.0,356758000.0,-7086000.0,14367553000.0
IRM.N,1036647000.0,724879000.0,189004000.0,-320960000.0,354832000.0,38394000.0,13682660000.0
IRM.N,1059653000.0,891329000.0,425293000.0,-453253000.0,370601000.0,247410000.0,14149267000.0
IRM.N,1082040000.0,762806000.0,170406000.0,-147859000.0,391398000.0,45603000.0,13944449000.0
IRM.N,1119756000.0,780263000.0,305928000.0,-303045000.0,394865000.0,275285000.0,14314316000.0
IRM.N,1130148000.0,789036000.0,181436000.0,-428924000.0,382147000.0,67683000.0,14234395000.0
IRM.N,1159587000.0,817294000.0,196402000.0,-624376000.0,399246000.0,61648000.0,14450031000.0
IRM.N,1248046000.0,844954000.0,221459000.0,-162963000.0,424253000.0,42299000.0,15627976000.0
IRM.N,1289534000.0,872921000.0,293781000.0,-334992000.0,435257000.0,200081000.0,15622319000.0
IRM.N,1286945000.0,886197000.0,285762000.0,-602990000.0,430592000.0,192164000.0,15694716000.0
IRM.N,1279049000.0,884497000.0,248198000.0,-883583000.0,424590000.0,122437000.0,16140514000.0
IRM.N,1314349000.0,898596000.0,240662000.0,-267263000.0,450393000.0,64595000.0,16465709000.0
IRM.N,1357936000.0,926533000.0,212526000.0,-603388000.0,473046000.0,114000.0,16678569000.0
IRM.N,1388175000.0,968014000.0,237833000.0,-968093000.0,487070000.0,91043000.0,16876918000.0
IRM.N,1419829000.0,990236000.0,230757000.0,-1345097000.0,486668000.0,28482000.0,17473802000.0
IRM.N,1476863000.0,995354000.0,245623000.0,-383431000.0,491211000.0,74061000.0,17829556000.0
IRM.N,1534409000.0,1031173000.0,230294000.0,-781358000.0,517573000.0,35783000.0,17966934000.0
IRM.N,1557358000.0,1047276000.0,245747000.0,-1179788000.0,510237000.0,-33620000.0,18469629000.0
IRM.N,1581279000.0,1062517000.0,282177000.0,-1853950000.0,503478000.0,103932000.0,18717115000.0
IRM.N,1592529000.0,1055633000.0,254294000.0,-683692000.0,503045000.0,15952000.0,19362087000.0
IRM.N,1711948000.0,1136942000.0,259896000.0,-1241428000.0,570287000.0,-44921000.0,20176789000.0
IRM.N,1754093000.0,1138745000.0,308589000.0,-1776587000.0,511839000.0,84290000.0,20632853000.0
IRM.N,1843167000.0,1199157000.0,341043000.0,-2347115000.0,516951000.0,89270000.0,21125019000.0